"i","tmp.FRic","tmp.FEve","tmp.FDiv","tmp.FDis","tmp.RaoQ"
"10005",5.88757989512755,0.904238453956461,0.92790306862921,2.15294807999603,4.66666666666667
