"i","tmp.FRic","tmp.FEve","tmp.FDiv","tmp.FDis","tmp.RaoQ"
"10108",5.69163935720508,0.879752385820274,0.902465855727412,2.14477406616393,4.66666666666667
