"i","tmp.FRic","tmp.FEve","tmp.FDiv","tmp.FDis","tmp.RaoQ"
"10323",1.52906039429193,0.633289515444979,0.786568508370908,2.18200663608855,5.25
