"i","tmp.FRic","tmp.FEve","tmp.FDiv","tmp.FDis","tmp.RaoQ"
"1041",9.43520539793539,0.765551267347398,0.857313490204678,2.4257195426604,6.125
