"i","tmp.FRic","tmp.FEve","tmp.FDiv","tmp.FDis","tmp.RaoQ"
"1042",16.6182421964296,0.703854850642776,0.812221557637803,2.43240628104883,6.41666666666667
