"i","tmp.FRic","tmp.FEve","tmp.FDiv","tmp.FDis","tmp.RaoQ"
"1049",19.8696997485067,0.7425842290457,0.837926671242236,2.48043231439942,6.46153846153846
