"i","tmp.FRic","tmp.FEve","tmp.FDiv","tmp.FDis","tmp.RaoQ"
"1051",5.18869579182617,0.669159649564483,0.846560462866988,2.41793763638618,6.22222222222222
