"i","tmp.FRic","tmp.FEve","tmp.FDiv","tmp.FDis","tmp.RaoQ"
"10525",0.970808876630339,0.741065312272735,0.842253911193713,2.3224434401509,5.6
