"i","tmp.FRic","tmp.FEve","tmp.FDiv","tmp.FDis","tmp.RaoQ"
"1053",2.66903961311976,0.739274872973554,0.803339864556427,2.32375979273327,5.83333333333333
