"i","tmp.FRic","tmp.FEve","tmp.FDiv","tmp.FDis","tmp.RaoQ"
"1054",4.8034602542458,0.717225947045523,0.83535606474483,2.11394705883034,4.66666666666667
