"i","tmp.FRic","tmp.FEve","tmp.FDiv","tmp.FDis","tmp.RaoQ"
"1055",0.547865923073225,0.769132941672858,0.800135167604784,2.25817147636289,5.6
