"i","tmp.FRic","tmp.FEve","tmp.FDiv","tmp.FDis","tmp.RaoQ"
"1056",1.40470249564785,0.829953687479977,0.859443832810829,2.32670665267037,5.6
