"i","tmp.FRic","tmp.FEve","tmp.FDiv","tmp.FDis","tmp.RaoQ"
"11238",5.24360059571225,0.778032738631925,0.860424820083969,2.12886578410307,4.66666666666667
