"i","tmp.FRic","tmp.FEve","tmp.FDiv","tmp.FDis","tmp.RaoQ"
"1143",13.0293275777038,0.718816014919699,0.849995173325681,2.44382622652845,6.3
