"i","tmp.FRic","tmp.FEve","tmp.FDiv","tmp.FDis","tmp.RaoQ"
"11437",5.20429148350974,0.916993833499277,0.964398857557757,2.28882218118508,5.25
