"i","tmp.FRic","tmp.FEve","tmp.FDiv","tmp.FDis","tmp.RaoQ"
"1144",15.0290775537088,0.683594716849829,0.820370022141668,2.47119708986625,6.46153846153846
