"i","tmp.FRic","tmp.FEve","tmp.FDiv","tmp.FDis","tmp.RaoQ"
"1146",15.7601719850422,0.728989172565225,0.851336531795186,2.48288708849561,6.46153846153846
