"i","tmp.FRic","tmp.FEve","tmp.FDiv","tmp.FDis","tmp.RaoQ"
"1148",17.3847771699826,0.719912815869074,0.858502854064819,2.49279266561372,6.5
