"i","tmp.FRic","tmp.FEve","tmp.FDiv","tmp.FDis","tmp.RaoQ"
"1154",2.030216938307,0.686910252647787,0.861894759263162,2.40445106441028,6
