"i","tmp.FRic","tmp.FEve","tmp.FDiv","tmp.FDis","tmp.RaoQ"
"1155",0.602609421055218,0.823112051580258,0.920631206751191,2.35599561996586,5.6
