"i","tmp.FRic","tmp.FEve","tmp.FDiv","tmp.FDis","tmp.RaoQ"
"1156",2.41066974843243,0.758071300909021,0.778594501901824,2.17783641024713,5.25
