"i","tmp.FRic","tmp.FEve","tmp.FDiv","tmp.FDis","tmp.RaoQ"
"11744",5.45164231413122,0.851162763655639,0.881421758187058,2.13470678258813,4.66666666666667
