"i","tmp.FRic","tmp.FEve","tmp.FDiv","tmp.FDis","tmp.RaoQ"
"1245",23.0301186909484,0.700182803025196,0.839891957757469,2.48529369302234,6.5
