"i","tmp.FRic","tmp.FEve","tmp.FDiv","tmp.FDis","tmp.RaoQ"
"1246",22.0897861712232,0.690496570083923,0.825895462755095,2.48289589517051,6.5
