"i","tmp.FRic","tmp.FEve","tmp.FDiv","tmp.FDis","tmp.RaoQ"
"1247",14.5339742272082,0.681764832051197,0.826498675312292,2.48309185397886,6.46153846153846
