"i","tmp.FRic","tmp.FEve","tmp.FDiv","tmp.FDis","tmp.RaoQ"
"1254",15.5460341510304,0.719880442537565,0.826474745563767,2.46116086375724,6.41666666666667
