"i","tmp.FRic","tmp.FEve","tmp.FDiv","tmp.FDis","tmp.RaoQ"
"1255",6.42900255306456,0.644922281705491,0.845556544313216,2.43761766087443,6.3
