"i","tmp.FRic","tmp.FEve","tmp.FDiv","tmp.FDis","tmp.RaoQ"
"1263",0.419210916874713,0.535506294587174,0.826677301405123,2.22817512650024,5.25
