"i","tmp.FRic","tmp.FEve","tmp.FDiv","tmp.FDis","tmp.RaoQ"
"1266",0.0709863334278613,0.763037434408321,0.843142459641653,2.357613857696,5.83333333333333
