"i","tmp.FRic","tmp.FEve","tmp.FDiv","tmp.FDis","tmp.RaoQ"
"127",4.20174623591268,0.762876462607955,0.842521649121394,2.39859350929318,6
