"i","tmp.FRic","tmp.FEve","tmp.FDiv","tmp.FDis","tmp.RaoQ"
"128",1.67173935778376,0.706309466054078,0.802408054938983,2.33111933512747,5.83333333333333
