"i","tmp.FRic","tmp.FEve","tmp.FDiv","tmp.FDis","tmp.RaoQ"
"1341",7.53705758829665,0.764150625651944,0.830340913122938,2.4024500634413,6.3
