"i","tmp.FRic","tmp.FEve","tmp.FDiv","tmp.FDis","tmp.RaoQ"
"1342",9.54900576262525,0.703301363641513,0.801371178720213,2.39866894408551,6.41666666666667
