"i","tmp.FRic","tmp.FEve","tmp.FDiv","tmp.FDis","tmp.RaoQ"
"1343",8.12014122435485,0.684042540759247,0.792247083836737,2.35744887440607,6.41666666666667
