"i","tmp.FRic","tmp.FEve","tmp.FDiv","tmp.FDis","tmp.RaoQ"
"1345",17.775418968095,0.703983945352619,0.83873842847542,2.4580894209875,6.41666666666667
