"i","tmp.FRic","tmp.FEve","tmp.FDiv","tmp.FDis","tmp.RaoQ"
"1346",13.3294540086527,0.696047920611843,0.815794160023561,2.42561783939927,6.3
