"i","tmp.FRic","tmp.FEve","tmp.FDiv","tmp.FDis","tmp.RaoQ"
"1348",19.9775034231194,0.672521760601186,0.846835193185607,2.52083718136586,6.61111111111111
