"i","tmp.FRic","tmp.FEve","tmp.FDiv","tmp.FDis","tmp.RaoQ"
"1357",4.96710664960285,0.64686390951949,0.801940773568046,2.41745211466426,6.3
