"i","tmp.FRic","tmp.FEve","tmp.FDiv","tmp.FDis","tmp.RaoQ"
"1364",5.77438716673966,0.955193414609629,0.907472367503684,2.14681064932917,4.66666666666667
