"i","tmp.FRic","tmp.FEve","tmp.FDiv","tmp.FDis","tmp.RaoQ"
"1367",0.180535121711527,0.684245642031427,0.810005342439839,2.27292478434975,5.6
