"i","tmp.FRic","tmp.FEve","tmp.FDiv","tmp.FDis","tmp.RaoQ"
"1443",8.17535726686086,0.734157694425261,0.843780006181515,2.40847525724758,6.36363636363636
