"i","tmp.FRic","tmp.FEve","tmp.FDiv","tmp.FDis","tmp.RaoQ"
"1444",7.17181583395679,0.677006677503707,0.772959819590012,2.34977109125808,6.46153846153846
