"i","tmp.FRic","tmp.FEve","tmp.FDiv","tmp.FDis","tmp.RaoQ"
"1445",12.9011290543756,0.648597251761835,0.822189190510189,2.44495101556118,6.58823529411765
