"i","tmp.FRic","tmp.FEve","tmp.FDiv","tmp.FDis","tmp.RaoQ"
"1446",17.3577645298255,0.70725168029628,0.851508485952447,2.48551823017826,6.5625
