"i","tmp.FRic","tmp.FEve","tmp.FDiv","tmp.FDis","tmp.RaoQ"
"1447",5.06906577199719,0.700768520720191,0.821949291611939,2.38564979822765,6
