"i","tmp.FRic","tmp.FEve","tmp.FDiv","tmp.FDis","tmp.RaoQ"
"1448",9.8275886580607,0.741155739064467,0.790877173328412,2.40103356773451,6.22222222222222
