"i","tmp.FRic","tmp.FEve","tmp.FDiv","tmp.FDis","tmp.RaoQ"
"1449",22.4350608281429,0.717878907617526,0.843116391731638,2.49988796556016,6.53333333333333
