"i","tmp.FRic","tmp.FEve","tmp.FDiv","tmp.FDis","tmp.RaoQ"
"1450",14.9446920654905,0.722601815950669,0.845886474359336,2.50266545930698,6.5
