"i","tmp.FRic","tmp.FEve","tmp.FDiv","tmp.FDis","tmp.RaoQ"
"1461",0.637317194206669,0.675333234262148,0.794240599163962,2.25241988411117,5.6
