"i","tmp.FRic","tmp.FEve","tmp.FDiv","tmp.FDis","tmp.RaoQ"
"1473",0.343481034285192,0.711561088319717,0.84144584702132,2.399412920293,6
