"i","tmp.FRic","tmp.FEve","tmp.FDiv","tmp.FDis","tmp.RaoQ"
"1545",4.79807032628133,0.720176707382463,0.81215536669452,2.38736025645435,6.36363636363636
