"i","tmp.FRic","tmp.FEve","tmp.FDiv","tmp.FDis","tmp.RaoQ"
"1546",11.333675983788,0.712958382640767,0.800747683439324,2.40942461238942,6.41666666666667
