"i","tmp.FRic","tmp.FEve","tmp.FDiv","tmp.FDis","tmp.RaoQ"
"1547",10.2714492250667,0.698597277039551,0.837060181627791,2.47007672606144,6.53333333333333
