"i","tmp.FRic","tmp.FEve","tmp.FDiv","tmp.FDis","tmp.RaoQ"
"1548",19.7251110001336,0.724510245803537,0.824302802084614,2.46685499668358,6.46153846153846
