"i","tmp.FRic","tmp.FEve","tmp.FDiv","tmp.FDis","tmp.RaoQ"
"1549",6.59775792088907,0.714920314878772,0.849733695581167,2.42116357301604,6.125
