"i","tmp.FRic","tmp.FEve","tmp.FDiv","tmp.FDis","tmp.RaoQ"
"1550",7.10219685953832,0.716431255211673,0.783971204609189,2.38385952111728,6.125
