"i","tmp.FRic","tmp.FEve","tmp.FDiv","tmp.FDis","tmp.RaoQ"
"1553",9.41792208452618,0.731658033107292,0.846926541195888,2.45252622627871,6.36363636363636
