"i","tmp.FRic","tmp.FEve","tmp.FDiv","tmp.FDis","tmp.RaoQ"
"1555",12.9866174208544,0.719318424697287,0.858892085978598,2.47951839786032,6.46153846153846
