"i","tmp.FRic","tmp.FEve","tmp.FDiv","tmp.FDis","tmp.RaoQ"
"1562",1.64372489341226,0.674353397968513,0.83413040226269,2.32171425432974,6
