"i","tmp.FRic","tmp.FEve","tmp.FDiv","tmp.FDis","tmp.RaoQ"
"1563",1.23363028309609,0.715639449807467,0.786779470745157,2.29833683394198,5.83333333333333
