"i","tmp.FRic","tmp.FEve","tmp.FDiv","tmp.FDis","tmp.RaoQ"
"1564",2.48590903504579,0.638101159536371,0.733638651640761,2.16324138072731,5.6
