"i","tmp.FRic","tmp.FEve","tmp.FDiv","tmp.FDis","tmp.RaoQ"
"1648",4.90651339229866,0.709947356943729,0.857133760361524,2.456301368648,6.36363636363636
