"i","tmp.FRic","tmp.FEve","tmp.FDiv","tmp.FDis","tmp.RaoQ"
"1649",15.0630682147466,0.724242345136998,0.862176817490293,2.46617204536642,6.36363636363636
