"i","tmp.FRic","tmp.FEve","tmp.FDiv","tmp.FDis","tmp.RaoQ"
"1650",7.05751674648916,0.725131724038661,0.851212747873093,2.41225492045293,6.125
