"i","tmp.FRic","tmp.FEve","tmp.FDiv","tmp.FDis","tmp.RaoQ"
"1652",4.60044971526311,0.764390271114179,0.851823965074692,2.46331040072084,6.3
