"i","tmp.FRic","tmp.FEve","tmp.FDiv","tmp.FDis","tmp.RaoQ"
"1653",7.47591899980167,0.670599725953647,0.827225745376308,2.47817278245402,6.5
