"i","tmp.FRic","tmp.FEve","tmp.FDiv","tmp.FDis","tmp.RaoQ"
"1655",10.0059435037749,0.723015819492237,0.849062206310602,2.46851970226787,6.41666666666667
