"i","tmp.FRic","tmp.FEve","tmp.FDiv","tmp.FDis","tmp.RaoQ"
"1676",4.7214205720358,0.86051933932141,0.865140119738239,2.25428987748294,5.25
