"i","tmp.FRic","tmp.FEve","tmp.FDiv","tmp.FDis","tmp.RaoQ"
"1748",8.21883261160938,0.750289356621694,0.82170183379221,2.40903921091433,6.36363636363636
