"i","tmp.FRic","tmp.FEve","tmp.FDiv","tmp.FDis","tmp.RaoQ"
"1749",8.90805091445749,0.679168995153902,0.810325757154501,2.40752707823669,6.46153846153846
