"i","tmp.FRic","tmp.FEve","tmp.FDiv","tmp.FDis","tmp.RaoQ"
"1750",3.86562210455854,0.707632997162982,0.804027185908387,2.40993704127636,6.3
