"i","tmp.FRic","tmp.FEve","tmp.FDiv","tmp.FDis","tmp.RaoQ"
"1751",3.45533360294472,0.71380523006678,0.869781573092938,2.44090452102375,6.3
