"i","tmp.FRic","tmp.FEve","tmp.FDiv","tmp.FDis","tmp.RaoQ"
"1752",2.82899873957385,0.741697570396362,0.845146583360631,2.41818363170999,6.22222222222222
