"i","tmp.FRic","tmp.FEve","tmp.FDiv","tmp.FDis","tmp.RaoQ"
"1754",5.48829680213201,0.761442879877484,0.845405317508341,2.46756816570184,6.36363636363636
