"i","tmp.FRic","tmp.FEve","tmp.FDiv","tmp.FDis","tmp.RaoQ"
"1755",8.04566441425946,0.709217390250097,0.830739080360504,2.45752202624671,6.46153846153846
