"i","tmp.FRic","tmp.FEve","tmp.FDiv","tmp.FDis","tmp.RaoQ"
"1760",11.2467492192393,0.721423634492387,0.861678804320775,2.46897330668211,6.41666666666667
