"i","tmp.FRic","tmp.FEve","tmp.FDiv","tmp.FDis","tmp.RaoQ"
"1765",3.53141266459776,0.636200078083609,0.837070503074214,2.40413277559476,6.22222222222222
