"i","tmp.FRic","tmp.FEve","tmp.FDiv","tmp.FDis","tmp.RaoQ"
"1768",0.836854268632239,0.72298856028161,0.818566575014598,2.19687669520079,5.25
