"i","tmp.FRic","tmp.FEve","tmp.FDiv","tmp.FDis","tmp.RaoQ"
"1847",12.1066439557617,0.733099040117106,0.766182962622063,2.30316006674262,6.22222222222222
