"i","tmp.FRic","tmp.FEve","tmp.FDiv","tmp.FDis","tmp.RaoQ"
"1848",5.41580056918723,0.710333085257585,0.814139028513878,2.3923239506869,6.36363636363636
