"i","tmp.FRic","tmp.FEve","tmp.FDiv","tmp.FDis","tmp.RaoQ"
"1850",4.40158790413652,0.746226056542635,0.77906276259287,2.35267380242819,6.22222222222222
