"i","tmp.FRic","tmp.FEve","tmp.FDiv","tmp.FDis","tmp.RaoQ"
"1853",3.62285019809558,0.70854732271752,0.81858818066149,2.41724698158293,6.3
