"i","tmp.FRic","tmp.FEve","tmp.FDiv","tmp.FDis","tmp.RaoQ"
"1854",1.31264443406143,0.699724612303557,0.829473144558237,2.39708198968107,6.125
