"i","tmp.FRic","tmp.FEve","tmp.FDiv","tmp.FDis","tmp.RaoQ"
"1856",4.49577690903453,0.777786861643962,0.84318857035591,2.45761723422648,6.3
