"i","tmp.FRic","tmp.FEve","tmp.FDiv","tmp.FDis","tmp.RaoQ"
"1857",8.66906753589531,0.710217641453018,0.836851514601458,2.46022054587563,6.46153846153846
