"i","tmp.FRic","tmp.FEve","tmp.FDiv","tmp.FDis","tmp.RaoQ"
"1858",8.23068507605127,0.732553541953423,0.851879695314423,2.45265541572135,6.36363636363636
