"i","tmp.FRic","tmp.FEve","tmp.FDiv","tmp.FDis","tmp.RaoQ"
"1866",12.3099669374383,0.681002302589184,0.835652484823089,2.46617083191227,6.41666666666667
