"i","tmp.FRic","tmp.FEve","tmp.FDiv","tmp.FDis","tmp.RaoQ"
"1867",1.78512225527675,0.569560581866606,0.837049858433537,2.36717705600836,6.125
