"i","tmp.FRic","tmp.FEve","tmp.FDiv","tmp.FDis","tmp.RaoQ"
"1870",1.45765152106592,0.576251332793914,0.724770569202997,1.98299580548979,4.66666666666667
