"i","tmp.FRic","tmp.FEve","tmp.FDiv","tmp.FDis","tmp.RaoQ"
"1881",1.43463235076501,0.826880404148011,0.857821312180597,2.32540686850229,5.6
