"i","tmp.FRic","tmp.FEve","tmp.FDiv","tmp.FDis","tmp.RaoQ"
"1949",9.69281702887896,0.778859432426243,0.80184715241881,2.33536744883501,6.125
