"i","tmp.FRic","tmp.FEve","tmp.FDiv","tmp.FDis","tmp.RaoQ"
"1950",6.17560061749425,0.787345280358833,0.808503092574129,2.3412561853852,6
