"i","tmp.FRic","tmp.FEve","tmp.FDiv","tmp.FDis","tmp.RaoQ"
"1951",8.16317615752016,0.747961331856802,0.77451393242301,2.31875768728088,6.125
