"i","tmp.FRic","tmp.FEve","tmp.FDiv","tmp.FDis","tmp.RaoQ"
"1954",7.97288062609566,0.689848793439133,0.788299491589096,2.37015324255101,6.22222222222222
