"i","tmp.FRic","tmp.FEve","tmp.FDiv","tmp.FDis","tmp.RaoQ"
"1956",2.56650479281367,0.706558584488341,0.808566507777156,2.40269685189409,6.22222222222222
