"i","tmp.FRic","tmp.FEve","tmp.FDiv","tmp.FDis","tmp.RaoQ"
"1957",1.72306651593586,0.702739093789962,0.835118186175447,2.4114109432826,6.125
