"i","tmp.FRic","tmp.FEve","tmp.FDiv","tmp.FDis","tmp.RaoQ"
"1958",5.30581490761009,0.743697992296691,0.808683105302614,2.43154073603867,6.3
