"i","tmp.FRic","tmp.FEve","tmp.FDiv","tmp.FDis","tmp.RaoQ"
"1969",7.20518853235286,0.679454809376627,0.843259740737305,2.4261861823336,6.22222222222222
