"i","tmp.FRic","tmp.FEve","tmp.FDiv","tmp.FDis","tmp.RaoQ"
"1985",5.39789318207454,0.933407906504362,0.920631505977146,2.27984895675561,5.25
