"i","tmp.FRic","tmp.FEve","tmp.FDiv","tmp.FDis","tmp.RaoQ"
"2055",9.53148326848433,0.703747718133386,0.820610398070635,2.40292989398206,6.3
