"i","tmp.FRic","tmp.FEve","tmp.FDiv","tmp.FDis","tmp.RaoQ"
"2058",5.26965776894104,0.705909209887042,0.839760542461262,2.39177422240156,6
