"i","tmp.FRic","tmp.FEve","tmp.FDiv","tmp.FDis","tmp.RaoQ"
"2060",12.1314957411529,0.755264021280877,0.803528798630587,2.41770229020674,6.3
