"i","tmp.FRic","tmp.FEve","tmp.FDiv","tmp.FDis","tmp.RaoQ"
"2061",6.79495115897528,0.706091023395867,0.83195292126476,2.44845955399615,6.36363636363636
