"i","tmp.FRic","tmp.FEve","tmp.FDiv","tmp.FDis","tmp.RaoQ"
"2070",10.2022401506404,0.648591407483408,0.82975703008178,2.455212241877,6.36363636363636
