"i","tmp.FRic","tmp.FEve","tmp.FDiv","tmp.FDis","tmp.RaoQ"
"2071",5.27149752060757,0.650886709990861,0.826670241411545,2.37479038516587,6.125
