"i","tmp.FRic","tmp.FEve","tmp.FDiv","tmp.FDis","tmp.RaoQ"
"2086",2.76296151879385,0.792435358951709,0.87374927741655,2.26652221409705,5.25
