"i","tmp.FRic","tmp.FEve","tmp.FDiv","tmp.FDis","tmp.RaoQ"
"2154",14.0369713348103,0.717466838973735,0.755566893216389,2.31297873258778,6.3
