"i","tmp.FRic","tmp.FEve","tmp.FDiv","tmp.FDis","tmp.RaoQ"
"2155",10.6586587766084,0.721518340178763,0.792127905651832,2.3361425817141,6.22222222222222
