"i","tmp.FRic","tmp.FEve","tmp.FDiv","tmp.FDis","tmp.RaoQ"
"2158",14.4451487948618,0.730989268498024,0.847651062702712,2.40211026914048,6.22222222222222
