"i","tmp.FRic","tmp.FEve","tmp.FDiv","tmp.FDis","tmp.RaoQ"
"2159",7.28421131793798,0.727656614533758,0.835418101454565,2.40733179870612,6.125
