"i","tmp.FRic","tmp.FEve","tmp.FDiv","tmp.FDis","tmp.RaoQ"
"2161",2.82086640358547,0.698991046973104,0.787149681416423,2.31798083660778,5.83333333333333
