"i","tmp.FRic","tmp.FEve","tmp.FDiv","tmp.FDis","tmp.RaoQ"
"2162",7.82911289350663,0.736511753105855,0.817510509407285,2.40576036696039,6.22222222222222
