"i","tmp.FRic","tmp.FEve","tmp.FDiv","tmp.FDis","tmp.RaoQ"
"2169",7.9683340393322,0.703502329798425,0.82612377504348,2.42022074446668,6.3
