"i","tmp.FRic","tmp.FEve","tmp.FDiv","tmp.FDis","tmp.RaoQ"
"2171",4.56938603711723,0.676180842818454,0.808909212926921,2.41448616028427,6.3
