"i","tmp.FRic","tmp.FEve","tmp.FDiv","tmp.FDis","tmp.RaoQ"
"2175",1.65259734786098,0.607778070120989,0.752840026514862,2.24901476472663,6
