"i","tmp.FRic","tmp.FEve","tmp.FDiv","tmp.FDis","tmp.RaoQ"
"2190",5.88413985207921,0.996534102337569,0.923029007761444,2.15184034557253,4.66666666666667
