"i","tmp.FRic","tmp.FEve","tmp.FDiv","tmp.FDis","tmp.RaoQ"
"2256",15.7118536815567,0.745455699457134,0.7940454427825,2.37432298782044,6.36363636363636
