"i","tmp.FRic","tmp.FEve","tmp.FDiv","tmp.FDis","tmp.RaoQ"
"2260",16.0434384918063,0.750528070920364,0.83317745174354,2.39132748280081,6.3
