"i","tmp.FRic","tmp.FEve","tmp.FDiv","tmp.FDis","tmp.RaoQ"
"2261",7.23465243505483,0.727743472706045,0.81610008251939,2.39649043306928,6.125
