"i","tmp.FRic","tmp.FEve","tmp.FDiv","tmp.FDis","tmp.RaoQ"
"2262",7.90664283863111,0.725241571668615,0.838877073989811,2.42026820490584,6.125
