"i","tmp.FRic","tmp.FEve","tmp.FDiv","tmp.FDis","tmp.RaoQ"
"2264",4.21973734263154,0.704054246637308,0.80228642663038,2.41698074604198,6.3
