"i","tmp.FRic","tmp.FEve","tmp.FDiv","tmp.FDis","tmp.RaoQ"
"2270",10.9597804437525,0.705633219410356,0.829768736517255,2.44528360813575,6.36363636363636
