"i","tmp.FRic","tmp.FEve","tmp.FDiv","tmp.FDis","tmp.RaoQ"
"2277",3.82977281251439,0.570998191983712,0.665147433257375,2.07914312239086,5.83333333333333
