"i","tmp.FRic","tmp.FEve","tmp.FDiv","tmp.FDis","tmp.RaoQ"
"230",1.83385595100134,0.862976929711037,0.950763236871163,2.28701137838824,5.25
