"i","tmp.FRic","tmp.FEve","tmp.FDiv","tmp.FDis","tmp.RaoQ"
"232",1.76829877672864,0.8011116534637,0.837981492413822,2.35383410803695,5.83333333333333
