"i","tmp.FRic","tmp.FEve","tmp.FDiv","tmp.FDis","tmp.RaoQ"
"2355",10.0034305383485,0.847497610250689,0.818957250749339,2.39156651993917,6.125
