"i","tmp.FRic","tmp.FEve","tmp.FDiv","tmp.FDis","tmp.RaoQ"
"2356",12.124971871195,0.812786787416569,0.811421721727958,2.39037852069123,6.22222222222222
