"i","tmp.FRic","tmp.FEve","tmp.FDiv","tmp.FDis","tmp.RaoQ"
"2357",14.4746874756711,0.765600745703409,0.791052302046886,2.36971080224524,6.3
