"i","tmp.FRic","tmp.FEve","tmp.FDiv","tmp.FDis","tmp.RaoQ"
"2360",12.6581500562592,0.759021667243307,0.830731970311832,2.39652113774189,6.3
