"i","tmp.FRic","tmp.FEve","tmp.FDiv","tmp.FDis","tmp.RaoQ"
"2362",18.3538013906767,0.734158863347079,0.867302045484855,2.43663326556022,6.3
