"i","tmp.FRic","tmp.FEve","tmp.FDiv","tmp.FDis","tmp.RaoQ"
"2363",8.28222849359782,0.731638765769268,0.842622302681569,2.41189726733066,6.22222222222222
