"i","tmp.FRic","tmp.FEve","tmp.FDiv","tmp.FDis","tmp.RaoQ"
"2366",3.09461006776364,0.723369126140159,0.808753642471314,2.39778063364972,6.125
