"i","tmp.FRic","tmp.FEve","tmp.FDiv","tmp.FDis","tmp.RaoQ"
"2379",2.77429670835672,0.488590554280161,0.753708581138321,2.14595075905509,5.6
