"i","tmp.FRic","tmp.FEve","tmp.FDiv","tmp.FDis","tmp.RaoQ"
"2395",7.28034983832256,0.5,0.861391736474675,2.17504322700486,5.25
