"i","tmp.FRic","tmp.FEve","tmp.FDiv","tmp.FDis","tmp.RaoQ"
"2457",11.2484229027951,0.880933348498722,0.841278504876775,2.35845097420035,5.83333333333333
