"i","tmp.FRic","tmp.FEve","tmp.FDiv","tmp.FDis","tmp.RaoQ"
"2458",16.371306680102,0.785808862830372,0.782396461032235,2.36312580325776,6.125
