"i","tmp.FRic","tmp.FEve","tmp.FDiv","tmp.FDis","tmp.RaoQ"
"2464",17.9229728566803,0.745945833324994,0.857190401805263,2.42534812633457,6.36363636363636
