"i","tmp.FRic","tmp.FEve","tmp.FDiv","tmp.FDis","tmp.RaoQ"
"2465",10.9555810848969,0.754170180477184,0.831476446256718,2.43079711303833,6.36363636363636
