"i","tmp.FRic","tmp.FEve","tmp.FDiv","tmp.FDis","tmp.RaoQ"
"2466",6.95197016282338,0.755642608516568,0.820570402262224,2.38003080974403,6
