"i","tmp.FRic","tmp.FEve","tmp.FDiv","tmp.FDis","tmp.RaoQ"
"2467",6.61392785756167,0.731618807397467,0.835759528844664,2.41047875738773,6.125
