"i","tmp.FRic","tmp.FEve","tmp.FDiv","tmp.FDis","tmp.RaoQ"
"2468",9.53740764257919,0.749884367343072,0.853292284644233,2.46192230032053,6.3
