"i","tmp.FRic","tmp.FEve","tmp.FDiv","tmp.FDis","tmp.RaoQ"
"2477",4.54277579836845,0.655706292407141,0.843735989987712,2.39816991863932,6.125
