"i","tmp.FRic","tmp.FEve","tmp.FDiv","tmp.FDis","tmp.RaoQ"
"2478",2.22329854303487,0.602218588050358,0.839049020585622,2.33925640260133,6
