"i","tmp.FRic","tmp.FEve","tmp.FDiv","tmp.FDis","tmp.RaoQ"
"2482",2.0527809248668,0.387392377258261,0.762988501879748,2.04423163435032,4.66666666666667
