"i","tmp.FRic","tmp.FEve","tmp.FDiv","tmp.FDis","tmp.RaoQ"
"2559",14.1490138578441,0.812549072553254,0.794857119652032,2.35465580096618,6
