"i","tmp.FRic","tmp.FEve","tmp.FDiv","tmp.FDis","tmp.RaoQ"
"2561",10.9201485377163,0.788336504906134,0.789335691630956,2.38364387911982,6.22222222222222
