"i","tmp.FRic","tmp.FEve","tmp.FDiv","tmp.FDis","tmp.RaoQ"
"2565",12.6037244550573,0.725594358579915,0.862550406383404,2.44336590146895,6.36363636363636
