"i","tmp.FRic","tmp.FEve","tmp.FDiv","tmp.FDis","tmp.RaoQ"
"2566",12.5077215532363,0.731696596757778,0.854464809843095,2.44001761482028,6.41666666666667
