"i","tmp.FRic","tmp.FEve","tmp.FDiv","tmp.FDis","tmp.RaoQ"
"2568",7.13427569085067,0.755029375294066,0.822227140118372,2.40631751315428,6.125
