"i","tmp.FRic","tmp.FEve","tmp.FDiv","tmp.FDis","tmp.RaoQ"
"2569",8.29433631496079,0.757310188000562,0.877526418988081,2.46493491186441,6.22222222222222
