"i","tmp.FRic","tmp.FEve","tmp.FDiv","tmp.FDis","tmp.RaoQ"
"2583",6.3386927324861,0.558412179909329,NA,2.09371683866543,5.25
