"i","tmp.FRic","tmp.FEve","tmp.FDiv","tmp.FDis","tmp.RaoQ"
"2661",11.4192914713207,0.884085583781519,0.849395092827968,2.35739471988887,5.83333333333333
