"i","tmp.FRic","tmp.FEve","tmp.FDiv","tmp.FDis","tmp.RaoQ"
"2667",11.5910362679195,0.724715467747083,0.846384756792792,2.43178971727685,6.3
