"i","tmp.FRic","tmp.FEve","tmp.FDiv","tmp.FDis","tmp.RaoQ"
"2669",23.3112741295981,0.748157573467075,0.804079565139951,2.44861701490251,6.5
