"i","tmp.FRic","tmp.FEve","tmp.FDiv","tmp.FDis","tmp.RaoQ"
"2670",18.7492221043338,0.759679352516282,0.832165123721222,2.46677128305229,6.36363636363636
