"i","tmp.FRic","tmp.FEve","tmp.FDiv","tmp.FDis","tmp.RaoQ"
"27",0.0258194714431945,0.923573766897469,0.923604899105755,2.35294086380575,5.6
