"i","tmp.FRic","tmp.FEve","tmp.FDiv","tmp.FDis","tmp.RaoQ"
"2702",5.10987166961296,0.663245015048116,0.81795478054358,2.24035480982408,5.6
