"i","tmp.FRic","tmp.FEve","tmp.FDiv","tmp.FDis","tmp.RaoQ"
"2763",8.14229011651135,0.947689477183097,0.894159303894255,2.33858654631096,5.6
