"i","tmp.FRic","tmp.FEve","tmp.FDiv","tmp.FDis","tmp.RaoQ"
"2770",13.3837586725655,0.688360500945262,0.867095460378496,2.44301074826752,6.41666666666667
