"i","tmp.FRic","tmp.FEve","tmp.FDiv","tmp.FDis","tmp.RaoQ"
"2771",29.830805435611,0.699765780903313,0.815899812387105,2.48420690968948,6.58823529411765
