"i","tmp.FRic","tmp.FEve","tmp.FDiv","tmp.FDis","tmp.RaoQ"
"2772",22.7745131578178,0.712337574457876,0.834795626118851,2.45077468198695,6.5
