"i","tmp.FRic","tmp.FEve","tmp.FDiv","tmp.FDis","tmp.RaoQ"
"2773",14.7685739108015,0.667090505939216,0.795662868704313,2.4007834645272,6.46153846153846
