"i","tmp.FRic","tmp.FEve","tmp.FDiv","tmp.FDis","tmp.RaoQ"
"2804",0.599820789951494,0.8,0.890215082391709,2.40374676384596,6
