"i","tmp.FRic","tmp.FEve","tmp.FDiv","tmp.FDis","tmp.RaoQ"
"2870",11.2983944109067,0.769276293109488,0.820059925166553,2.38371314984636,6.22222222222222
