"i","tmp.FRic","tmp.FEve","tmp.FDiv","tmp.FDis","tmp.RaoQ"
"2872",12.591831408259,0.679304895942022,0.851441326721687,2.42638118165116,6.36363636363636
