"i","tmp.FRic","tmp.FEve","tmp.FDiv","tmp.FDis","tmp.RaoQ"
"2873",28.1095794362499,0.727947697453017,0.810933583565653,2.44783920209191,6.5
