"i","tmp.FRic","tmp.FEve","tmp.FDiv","tmp.FDis","tmp.RaoQ"
"2874",19.8854630932339,0.676870284286856,0.800004943159119,2.42792776423302,6.5
