"i","tmp.FRic","tmp.FEve","tmp.FDiv","tmp.FDis","tmp.RaoQ"
"2875",15.9898177161425,0.68578350963073,0.814038038217279,2.4291224855879,6.5
