"i","tmp.FRic","tmp.FEve","tmp.FDiv","tmp.FDis","tmp.RaoQ"
"2882",13.3053805781881,0.676449726549929,0.871934728062054,2.51140641279414,6.53333333333333
