"i","tmp.FRic","tmp.FEve","tmp.FDiv","tmp.FDis","tmp.RaoQ"
"2899",4.86016002131969,0.722475085673626,0.838032711294196,2.11591738702376,4.66666666666667
