"i","tmp.FRic","tmp.FEve","tmp.FDiv","tmp.FDis","tmp.RaoQ"
"2905",5.73647312160012,0.879783019368544,0.906301426827205,2.14678730656884,4.66666666666667
