"i","tmp.FRic","tmp.FEve","tmp.FDiv","tmp.FDis","tmp.RaoQ"
"2906",5.37296497446822,0.707773246034557,0.819261930855034,2.3930127825154,6.36363636363637
