"i","tmp.FRic","tmp.FEve","tmp.FDiv","tmp.FDis","tmp.RaoQ"
"2969",9.04458476683203,0.820682653314533,0.811346091424378,2.3797663262635,6.125
