"i","tmp.FRic","tmp.FEve","tmp.FDiv","tmp.FDis","tmp.RaoQ"
"2973",9.59046995276145,0.716501269288447,0.84000527506391,2.41464979322101,6.22222222222222
