"i","tmp.FRic","tmp.FEve","tmp.FDiv","tmp.FDis","tmp.RaoQ"
"2974",8.60288314278176,0.666707817089128,0.849618324238332,2.40502132182755,6.22222222222222
