"i","tmp.FRic","tmp.FEve","tmp.FDiv","tmp.FDis","tmp.RaoQ"
"2975",17.9269779171963,0.710032190480719,0.816537941621711,2.46564987186554,6.58823529411765
