"i","tmp.FRic","tmp.FEve","tmp.FDiv","tmp.FDis","tmp.RaoQ"
"2976",11.3958967155224,0.669740175653891,0.827895073915988,2.45531685327272,6.5625
