"i","tmp.FRic","tmp.FEve","tmp.FDiv","tmp.FDis","tmp.RaoQ"
"2978",12.5492764025857,0.670039850181701,0.813484127833348,2.42047370047785,6.41666666666667
