"i","tmp.FRic","tmp.FEve","tmp.FDiv","tmp.FDis","tmp.RaoQ"
"2979",3.43280915351251,0.724434598753593,0.798714868164255,2.38753613765102,6.22222222222222
