"i","tmp.FRic","tmp.FEve","tmp.FDiv","tmp.FDis","tmp.RaoQ"
"2985",0.557400418234178,0.721639930843748,0.826996841091807,2.33253358249026,5.83333333333333
