"i","tmp.FRic","tmp.FEve","tmp.FDiv","tmp.FDis","tmp.RaoQ"
"3007",0.710317562192361,0.753146537653792,0.816422234767396,2.32426555103062,6
