"i","tmp.FRic","tmp.FEve","tmp.FDiv","tmp.FDis","tmp.RaoQ"
"3008",1.83151923234328,0.712546417483442,0.773394865277391,2.33644348312528,6.36363636363636
