"i","tmp.FRic","tmp.FEve","tmp.FDiv","tmp.FDis","tmp.RaoQ"
"3009",2.42023579767362,0.701342144636456,0.768972859333206,2.33547667728473,6.41666666666667
