"i","tmp.FRic","tmp.FEve","tmp.FDiv","tmp.FDis","tmp.RaoQ"
"3073",10.6782628583107,0.773961026794454,0.81614765468289,2.38404205925513,6.22222222222222
