"i","tmp.FRic","tmp.FEve","tmp.FDiv","tmp.FDis","tmp.RaoQ"
"3076",16.1891279519936,0.683828398267765,0.824316574345469,2.40631812807445,6.36363636363636
