"i","tmp.FRic","tmp.FEve","tmp.FDiv","tmp.FDis","tmp.RaoQ"
"3077",9.53925333830914,0.683102949820343,0.792552799205016,2.44285304411705,6.53333333333333
