"i","tmp.FRic","tmp.FEve","tmp.FDiv","tmp.FDis","tmp.RaoQ"
"3079",20.7224278795565,0.692714800638281,0.821829539866679,2.45062305641724,6.53333333333333
