"i","tmp.FRic","tmp.FEve","tmp.FDiv","tmp.FDis","tmp.RaoQ"
"3080",6.52483472015219,0.666255168790654,0.781043998053623,2.37434260929282,6.41666666666667
