"i","tmp.FRic","tmp.FEve","tmp.FDiv","tmp.FDis","tmp.RaoQ"
"3105",5.31741631670054,0.931149300276306,0.87264864816118,2.25963243292369,5.25
