"i","tmp.FRic","tmp.FEve","tmp.FDiv","tmp.FDis","tmp.RaoQ"
"3110",2.16014334416119,0.632398077978897,0.79780246412687,2.32345274499839,6.22222222222222
