"i","tmp.FRic","tmp.FEve","tmp.FDiv","tmp.FDis","tmp.RaoQ"
"3172",10.5144827222563,0.824279125630621,0.802970968736089,2.32907033224975,5.83333333333333
