"i","tmp.FRic","tmp.FEve","tmp.FDiv","tmp.FDis","tmp.RaoQ"
"3173",13.5845675044081,0.815680756655986,0.802405196014026,2.35665061528715,6
