"i","tmp.FRic","tmp.FEve","tmp.FDiv","tmp.FDis","tmp.RaoQ"
"3177",10.9810315308868,0.727867289667135,0.847589932438803,2.43311971549394,6.3
