"i","tmp.FRic","tmp.FEve","tmp.FDiv","tmp.FDis","tmp.RaoQ"
"3178",10.7478143013264,0.699016670910553,0.840669048229256,2.42071045510738,6.36363636363636
