"i","tmp.FRic","tmp.FEve","tmp.FDiv","tmp.FDis","tmp.RaoQ"
"3179",13.2732287067111,0.702307444711338,0.85135301810736,2.44586181733725,6.41666666666667
