"i","tmp.FRic","tmp.FEve","tmp.FDiv","tmp.FDis","tmp.RaoQ"
"3180",13.2851631175056,0.644780544866293,0.817990528487669,2.41470386208517,6.41666666666667
