"i","tmp.FRic","tmp.FEve","tmp.FDiv","tmp.FDis","tmp.RaoQ"
"3181",6.49819058552809,0.654348130296599,0.786887302069772,2.38869538703597,6.41666666666667
