"i","tmp.FRic","tmp.FEve","tmp.FDiv","tmp.FDis","tmp.RaoQ"
"3182",5.22502214252341,0.594266702992542,0.812575033736801,2.3585248591786,6.3
