"i","tmp.FRic","tmp.FEve","tmp.FDiv","tmp.FDis","tmp.RaoQ"
"3183",3.02124527335662,0.596364697329394,0.83241378539035,2.37507555454103,6.22222222222222
