"i","tmp.FRic","tmp.FEve","tmp.FDiv","tmp.FDis","tmp.RaoQ"
"3189",0.260711981776399,0.634737748331327,0.793212055815558,2.24720076899924,5.6
