"i","tmp.FRic","tmp.FEve","tmp.FDiv","tmp.FDis","tmp.RaoQ"
"3191",2.95341240656886,0.522770094005635,0.768092935024068,2.14713622590143,5.6
