"i","tmp.FRic","tmp.FEve","tmp.FDiv","tmp.FDis","tmp.RaoQ"
"3206",2.07068080149553,0.90611607107631,0.927988245790329,2.35665709755905,5.6
