"i","tmp.FRic","tmp.FEve","tmp.FDiv","tmp.FDis","tmp.RaoQ"
"3209",5.51976446929359,0.904629861861313,0.88273228345495,2.13554810067881,4.66666666666667
