"i","tmp.FRic","tmp.FEve","tmp.FDiv","tmp.FDis","tmp.RaoQ"
"3278",16.6802712064062,0.796953861466133,0.827931305183402,2.41374282887409,6.3
