"i","tmp.FRic","tmp.FEve","tmp.FDiv","tmp.FDis","tmp.RaoQ"
"3279",16.488504642884,0.748369803618036,0.848253881030581,2.45296094724319,6.36363636363636
