"i","tmp.FRic","tmp.FEve","tmp.FDiv","tmp.FDis","tmp.RaoQ"
"3280",13.9744813093745,0.730828484900356,0.826529583828188,2.43221475125598,6.22222222222222
