"i","tmp.FRic","tmp.FEve","tmp.FDiv","tmp.FDis","tmp.RaoQ"
"3281",7.67073377187941,0.688295810291611,0.8322446013396,2.43909742830907,6.36363636363636
