"i","tmp.FRic","tmp.FEve","tmp.FDiv","tmp.FDis","tmp.RaoQ"
"3282",6.54306771034326,0.674812135686618,0.809871437704169,2.39436086052757,6.3
