"i","tmp.FRic","tmp.FEve","tmp.FDiv","tmp.FDis","tmp.RaoQ"
"330",2.972808931628,0.81258891195667,0.879425574578101,2.37643047927285,5.83333333333333
