"i","tmp.FRic","tmp.FEve","tmp.FDiv","tmp.FDis","tmp.RaoQ"
"3300",1.90183120205562,0.356275765445868,0.760987070249253,2.04381643420564,4.66666666666667
