"i","tmp.FRic","tmp.FEve","tmp.FDiv","tmp.FDis","tmp.RaoQ"
"3308",2.91764197701674,0.835132785539385,0.919537954802507,2.28224193116155,5.25
