"i","tmp.FRic","tmp.FEve","tmp.FDiv","tmp.FDis","tmp.RaoQ"
"3311",1.73593915572866,0.912339226674236,0.872232098386424,2.3278876428931,5.6
