"i","tmp.FRic","tmp.FEve","tmp.FDiv","tmp.FDis","tmp.RaoQ"
"332",12.4910004237327,0.812871326896641,0.858453932214715,2.4598968428201,6.3
