"i","tmp.FRic","tmp.FEve","tmp.FDiv","tmp.FDis","tmp.RaoQ"
"333",1.85653379740737,0.813711877861713,0.857197277491055,2.36550464108535,5.83333333333333
