"i","tmp.FRic","tmp.FEve","tmp.FDiv","tmp.FDis","tmp.RaoQ"
"334",1.81359928411652,0.69050504120098,0.848579606158956,2.39352600226881,6
