"i","tmp.FRic","tmp.FEve","tmp.FDiv","tmp.FDis","tmp.RaoQ"
"335",2.8003842410989,0.635150205376835,0.81012507090147,2.38397239369822,6.125
