"i","tmp.FRic","tmp.FEve","tmp.FDiv","tmp.FDis","tmp.RaoQ"
"336",6.94555624374004,0.740534074271738,0.834828126777729,2.4262319886424,6.22222222222222
