"i","tmp.FRic","tmp.FEve","tmp.FDiv","tmp.FDis","tmp.RaoQ"
"3378",12.0428829176136,0.827931064572546,0.811129475022377,2.3418013304319,5.83333333333333
