"i","tmp.FRic","tmp.FEve","tmp.FDiv","tmp.FDis","tmp.RaoQ"
"3379",8.96646940561936,0.807027579137124,0.81831671917778,2.37442647885762,6.125
