"i","tmp.FRic","tmp.FEve","tmp.FDiv","tmp.FDis","tmp.RaoQ"
"3380",14.5936928930812,0.831041932686325,0.842773866782959,2.41080306779416,6.22222222222222
