"i","tmp.FRic","tmp.FEve","tmp.FDiv","tmp.FDis","tmp.RaoQ"
"3381",14.604552985895,0.764693860492799,0.867526019877322,2.45045857851867,6.3
