"i","tmp.FRic","tmp.FEve","tmp.FDiv","tmp.FDis","tmp.RaoQ"
"3383",4.6318896419305,0.627506069131796,0.885208583631776,2.42579643331536,6.125
