"i","tmp.FRic","tmp.FEve","tmp.FDiv","tmp.FDis","tmp.RaoQ"
"3384",2.562881232306,0.587356060502073,0.825165616629855,2.38600366535866,6.125
