"i","tmp.FRic","tmp.FEve","tmp.FDiv","tmp.FDis","tmp.RaoQ"
"3411",5.91315819451012,0.994244396746605,0.929380449847768,2.15324794295487,4.66666666666667
