"i","tmp.FRic","tmp.FEve","tmp.FDiv","tmp.FDis","tmp.RaoQ"
"3412",1.89830205095309,0.926056331941358,0.882302198426113,2.33615877851371,5.6
