"i","tmp.FRic","tmp.FEve","tmp.FDiv","tmp.FDis","tmp.RaoQ"
"3414",3.44000317239322,0.788586897758214,0.850627072067219,2.24087394137163,5.25
