"i","tmp.FRic","tmp.FEve","tmp.FDiv","tmp.FDis","tmp.RaoQ"
"3416",1.43351995263923,0.762318503375562,0.787891782895785,2.33648052454128,6
