"i","tmp.FRic","tmp.FEve","tmp.FDiv","tmp.FDis","tmp.RaoQ"
"3483",14.9043005415355,0.809453497658447,0.876908707384292,2.45516538804767,6.3
