"i","tmp.FRic","tmp.FEve","tmp.FDiv","tmp.FDis","tmp.RaoQ"
"3484",5.13476738169071,0.694606007213988,0.847938347817848,2.43510194752426,6.125
