"i","tmp.FRic","tmp.FEve","tmp.FDiv","tmp.FDis","tmp.RaoQ"
"3494",1.14497935304935,0.677681497506366,0.818668049350283,2.32840880360582,5.83333333333333
