"i","tmp.FRic","tmp.FEve","tmp.FDiv","tmp.FDis","tmp.RaoQ"
"3514",0.464136195834917,0.880904654892712,0.876258740713236,2.38552360816927,5.83333333333333
