"i","tmp.FRic","tmp.FEve","tmp.FDiv","tmp.FDis","tmp.RaoQ"
"3515",4.43732618564705,0.954320001629073,0.891264822744978,2.26362672264747,5.25
