"i","tmp.FRic","tmp.FEve","tmp.FDiv","tmp.FDis","tmp.RaoQ"
"3516",1.75938787675043,0.814581098776602,0.826954351938285,2.27573786418369,5.6
