"i","tmp.FRic","tmp.FEve","tmp.FDiv","tmp.FDis","tmp.RaoQ"
"3518",3.53055080602666,0.773841539114155,0.781321102291641,2.34414942269414,6.125
