"i","tmp.FRic","tmp.FEve","tmp.FDiv","tmp.FDis","tmp.RaoQ"
"3585",3.44459838425594,0.777640567415665,0.867494140923599,2.43131596470693,6.125
