"i","tmp.FRic","tmp.FEve","tmp.FDiv","tmp.FDis","tmp.RaoQ"
"3586",2.11869857274469,0.679765564815806,0.895901816728479,2.43436420439843,6.125
