"i","tmp.FRic","tmp.FEve","tmp.FDiv","tmp.FDis","tmp.RaoQ"
"3587",4.07424905106502,0.531176639364565,0.89444787082164,2.41025400879148,6
