"i","tmp.FRic","tmp.FEve","tmp.FDiv","tmp.FDis","tmp.RaoQ"
"3600",4.01867656256755,0.602524430643899,0.803924321593122,2.09128459768948,4.66666666666667
