"i","tmp.FRic","tmp.FEve","tmp.FDiv","tmp.FDis","tmp.RaoQ"
"3601",6.3386927324861,0.558412179909329,0.798713275236213,2.09371683866543,5.25
