"i","tmp.FRic","tmp.FEve","tmp.FDiv","tmp.FDis","tmp.RaoQ"
"3604",4.38795268586425,0.379855503654454,0.791493025981624,2.04471598714302,5.25
