"i","tmp.FRic","tmp.FEve","tmp.FDiv","tmp.FDis","tmp.RaoQ"
"3610",5.85121797975948,0.938543003145115,0.926821681177064,2.1508152714563,4.66666666666667
