"i","tmp.FRic","tmp.FEve","tmp.FDiv","tmp.FDis","tmp.RaoQ"
"3616",5.74906595769268,0.869091087743889,0.906601200432351,2.14746333425802,4.66666666666667
