"i","tmp.FRic","tmp.FEve","tmp.FDiv","tmp.FDis","tmp.RaoQ"
"3617",0.128691622771988,0.797718360442298,0.800229948522631,2.32882473261519,5.83333333333333
