"i","tmp.FRic","tmp.FEve","tmp.FDiv","tmp.FDis","tmp.RaoQ"
"3620",5.61956260693844,0.719640318420792,0.749018325820025,2.32760041361279,6.3
