"i","tmp.FRic","tmp.FEve","tmp.FDiv","tmp.FDis","tmp.RaoQ"
"3621",2.52519245738489,0.699693823457574,0.760640652942536,2.35502446262264,6.41666666666667
