"i","tmp.FRic","tmp.FEve","tmp.FDiv","tmp.FDis","tmp.RaoQ"
"3687",1.84932479860364,0.806189605743947,0.88351044694861,2.3899234936846,5.83333333333333
