"i","tmp.FRic","tmp.FEve","tmp.FDiv","tmp.FDis","tmp.RaoQ"
"3697",2.37108885430458,0.747851767554773,0.828494597363529,2.37376469681666,6
