"i","tmp.FRic","tmp.FEve","tmp.FDiv","tmp.FDis","tmp.RaoQ"
"3699",3.4104274637549,0.72081030168158,0.866001901745387,2.33294395939963,5.6
