"i","tmp.FRic","tmp.FEve","tmp.FDiv","tmp.FDis","tmp.RaoQ"
"3700",0.849752922797124,0.583860764525747,0.771025339833569,2.18066949076607,5.25
