"i","tmp.FRic","tmp.FEve","tmp.FDiv","tmp.FDis","tmp.RaoQ"
"3707",2.12443285397548,0.345829380595952,0.763415076370426,2.05215952121029,4.66666666666667
