"i","tmp.FRic","tmp.FEve","tmp.FDiv","tmp.FDis","tmp.RaoQ"
"3708",1.33123023643948,0.611721560101991,0.757670599777218,2.17850600594516,5.25
