"i","tmp.FRic","tmp.FEve","tmp.FDiv","tmp.FDis","tmp.RaoQ"
"3710",5.83665300663521,0.93644862056773,0.924376373003979,2.15015879254045,4.66666666666667
