"i","tmp.FRic","tmp.FEve","tmp.FDiv","tmp.FDis","tmp.RaoQ"
"3717",5.61680353005171,0.947198414302626,0.885547252187473,2.13910680438299,4.66666666666667
