"i","tmp.FRic","tmp.FEve","tmp.FDiv","tmp.FDis","tmp.RaoQ"
"3719",1.32616444875399,0.662096247937639,0.886954168416116,2.26729714653523,5.25
