"i","tmp.FRic","tmp.FEve","tmp.FDiv","tmp.FDis","tmp.RaoQ"
"3720",3.06883688553579,0.729562455265409,0.794537401802882,2.19406969041278,5.25
