"i","tmp.FRic","tmp.FEve","tmp.FDiv","tmp.FDis","tmp.RaoQ"
"3721",0.491649611498049,0.791194872070009,0.811696309176368,2.28442622093849,5.83333333333333
