"i","tmp.FRic","tmp.FEve","tmp.FDiv","tmp.FDis","tmp.RaoQ"
"3722",9.85306044879705,0.673254817770298,0.795797532449818,2.37400294415589,6.46153846153846
