"i","tmp.FRic","tmp.FEve","tmp.FDiv","tmp.FDis","tmp.RaoQ"
"3723",4.11175760397148,0.639469279291916,0.767692105540525,2.35771406947946,6.53333333333333
