"i","tmp.FRic","tmp.FEve","tmp.FDiv","tmp.FDis","tmp.RaoQ"
"3724",2.68714766804458,0.574467459134783,0.752964380725075,2.30273754727237,6.65
