"i","tmp.FRic","tmp.FEve","tmp.FDiv","tmp.FDis","tmp.RaoQ"
"3789",0.426690208636536,0.851902762582944,0.959937930147662,2.3622976901503,5.6
