"i","tmp.FRic","tmp.FEve","tmp.FDiv","tmp.FDis","tmp.RaoQ"
"3790",1.22215605382136,0.595235100380483,0.866239660484456,2.42273339267776,6
