"i","tmp.FRic","tmp.FEve","tmp.FDiv","tmp.FDis","tmp.RaoQ"
"3791",4.99839189688675,0.662915159906684,0.868627664191601,2.42592469427302,6.22222222222222
