"i","tmp.FRic","tmp.FEve","tmp.FDiv","tmp.FDis","tmp.RaoQ"
"3792",4.52035685611319,0.668047155453272,0.817311354279802,2.38118858059173,6.22222222222222
