"i","tmp.FRic","tmp.FEve","tmp.FDiv","tmp.FDis","tmp.RaoQ"
"3793",9.85936244954316,0.700163845144002,0.795456377898667,2.40365341451742,6.36363636363636
