"i","tmp.FRic","tmp.FEve","tmp.FDiv","tmp.FDis","tmp.RaoQ"
"3797",2.64538500908201,0.689544247832785,0.830112222801612,2.38519469785074,6.125
