"i","tmp.FRic","tmp.FEve","tmp.FDiv","tmp.FDis","tmp.RaoQ"
"3802",2.97747737030415,0.725521859233179,0.868467702023359,2.33506738587099,5.6
