"i","tmp.FRic","tmp.FEve","tmp.FDiv","tmp.FDis","tmp.RaoQ"
"3811",2.11153787210758,0.676734075087619,0.761191826091445,2.18089860633724,5.25
