"i","tmp.FRic","tmp.FEve","tmp.FDiv","tmp.FDis","tmp.RaoQ"
"3819",5.15733260909655,0.930194523700294,0.921583410755552,2.27974610374905,5.25
