"i","tmp.FRic","tmp.FEve","tmp.FDiv","tmp.FDis","tmp.RaoQ"
"3820",0.249447726897454,0.702596793277034,0.836875135577125,2.31396259389865,5.6
