"i","tmp.FRic","tmp.FEve","tmp.FDiv","tmp.FDis","tmp.RaoQ"
"3821",0.793718885080038,0.584571853635548,0.789640587973168,2.2659138165693,5.83333333333333
