"i","tmp.FRic","tmp.FEve","tmp.FDiv","tmp.FDis","tmp.RaoQ"
"3822",2.54747910891376,0.596527443941072,0.746022768512722,2.16022111221875,6
