"i","tmp.FRic","tmp.FEve","tmp.FDiv","tmp.FDis","tmp.RaoQ"
"3823",5.98302853082108,0.698141317790543,0.808199845463886,2.38027133892691,6.41666666666667
