"i","tmp.FRic","tmp.FEve","tmp.FDiv","tmp.FDis","tmp.RaoQ"
"3824",5.26743637399483,0.626829658101578,0.801902976685617,2.38629584309535,6.58823529411765
