"i","tmp.FRic","tmp.FEve","tmp.FDiv","tmp.FDis","tmp.RaoQ"
"3892",0.485057143318976,0.676741459708689,0.956727638739882,2.39482561756244,5.83333333333333
