"i","tmp.FRic","tmp.FEve","tmp.FDiv","tmp.FDis","tmp.RaoQ"
"3899",6.01345119091553,0.721183068893601,0.828320362272109,2.38872855118518,6.22222222222222
