"i","tmp.FRic","tmp.FEve","tmp.FDiv","tmp.FDis","tmp.RaoQ"
"3900",5.20045954451525,0.764030173710317,0.83659695772605,2.39689064652053,6.125
