"i","tmp.FRic","tmp.FEve","tmp.FDiv","tmp.FDis","tmp.RaoQ"
"3902",4.18308736427293,0.608049155795438,0.939091439445959,2.40590962846353,5.83333333333333
