"i","tmp.FRic","tmp.FEve","tmp.FDiv","tmp.FDis","tmp.RaoQ"
"3913",0.88203726868935,0.578761579027584,0.747081007076343,2.16726655716636,5.25
