"i","tmp.FRic","tmp.FEve","tmp.FDiv","tmp.FDis","tmp.RaoQ"
"3920",2.73393448836782,0.926070746945117,0.873242671416367,2.33451467899866,5.6
