"i","tmp.FRic","tmp.FEve","tmp.FDiv","tmp.FDis","tmp.RaoQ"
"3921",2.47649928526999,0.840948251231197,0.865720208248384,2.43443122275387,6.125
