"i","tmp.FRic","tmp.FEve","tmp.FDiv","tmp.FDis","tmp.RaoQ"
"3922",2.46404062553428,0.758588150225288,0.782569747572428,2.36075170676715,6.125
