"i","tmp.FRic","tmp.FEve","tmp.FDiv","tmp.FDis","tmp.RaoQ"
"3923",0.226775179146265,0.735122946445435,0.831166322991457,2.36175714064401,6.125
