"i","tmp.FRic","tmp.FEve","tmp.FDiv","tmp.FDis","tmp.RaoQ"
"3924",4.58880745967179,0.66570779595359,0.78143656148158,2.34312411243432,6.36363636363636
