"i","tmp.FRic","tmp.FEve","tmp.FDiv","tmp.FDis","tmp.RaoQ"
"3926",5.98655360500322,0.604735246952417,0.787565976161474,2.35562285626984,6.61111111111111
