"i","tmp.FRic","tmp.FEve","tmp.FDiv","tmp.FDis","tmp.RaoQ"
"3994",2.10907760623823,0.728810118871297,0.886109387190851,2.37577718826804,6
