"i","tmp.FRic","tmp.FEve","tmp.FDiv","tmp.FDis","tmp.RaoQ"
"3998",5.09196524324372,0.705972778839391,0.783910607479169,2.37405322202538,6.3
