"i","tmp.FRic","tmp.FEve","tmp.FDiv","tmp.FDis","tmp.RaoQ"
"3999",8.29774398987835,0.687795597767399,0.784424816719937,2.36468852825922,6.36363636363636
