"i","tmp.FRic","tmp.FEve","tmp.FDiv","tmp.FDis","tmp.RaoQ"
"4000",7.04243835208205,0.653101647566184,0.787547282647623,2.37198131099645,6.3
