"i","tmp.FRic","tmp.FEve","tmp.FDiv","tmp.FDis","tmp.RaoQ"
"4001",6.10890089225965,0.72114990533013,0.798341088645731,2.39059792408507,6.22222222222222
