"i","tmp.FRic","tmp.FEve","tmp.FDiv","tmp.FDis","tmp.RaoQ"
"4003",4.80335266300549,0.71761492538543,0.842390395762915,2.3905090368171,6.125
