"i","tmp.FRic","tmp.FEve","tmp.FDiv","tmp.FDis","tmp.RaoQ"
"4007",0.986650563228636,0.644508103576695,0.907340517044802,2.27473367341359,5.25
