"i","tmp.FRic","tmp.FEve","tmp.FDiv","tmp.FDis","tmp.RaoQ"
"4015",5.76070850321333,0.940728630520154,0.908434342467966,2.14640465493668,4.66666666666667
