"i","tmp.FRic","tmp.FEve","tmp.FDiv","tmp.FDis","tmp.RaoQ"
"4022",1.56825648111278,0.850999493806126,0.894947195599077,2.34549387915025,5.6
