"i","tmp.FRic","tmp.FEve","tmp.FDiv","tmp.FDis","tmp.RaoQ"
"4023",4.27042280647992,0.746137947249866,0.865936191409768,2.48212961445108,6.36363636363636
