"i","tmp.FRic","tmp.FEve","tmp.FDiv","tmp.FDis","tmp.RaoQ"
"4024",4.89865483273089,0.704837734553591,0.84117688408903,2.47092831004946,6.41666666666667
