"i","tmp.FRic","tmp.FEve","tmp.FDiv","tmp.FDis","tmp.RaoQ"
"4025",4.85854196034827,0.68121601346161,0.802826249972269,2.40484479085312,6.5625
