"i","tmp.FRic","tmp.FEve","tmp.FDiv","tmp.FDis","tmp.RaoQ"
"4026",11.5179103876755,0.675370982988539,0.81336476907321,2.39558656597648,6.53333333333333
