"i","tmp.FRic","tmp.FEve","tmp.FDiv","tmp.FDis","tmp.RaoQ"
"4027",10.5965469849408,0.614436995397342,0.770757729289855,2.35830965963797,6.5
