"i","tmp.FRic","tmp.FEve","tmp.FDiv","tmp.FDis","tmp.RaoQ"
"4028",6.50345323374504,0.601845386373306,0.775938962790128,2.35034960909464,6.61111111111111
