"i","tmp.FRic","tmp.FEve","tmp.FDiv","tmp.FDis","tmp.RaoQ"
"4029",6.79647507445665,0.600702033780826,0.783388671533384,2.3640996949994,6.63157894736842
