"i","tmp.FRic","tmp.FEve","tmp.FDiv","tmp.FDis","tmp.RaoQ"
"4097",3.07175464419801,0.688706933149564,0.875072231972113,2.42495033504174,6.125
