"i","tmp.FRic","tmp.FEve","tmp.FDiv","tmp.FDis","tmp.RaoQ"
"4100",12.7933143635756,0.701509038595873,0.791654530006592,2.39070280096034,6.41666666666667
