"i","tmp.FRic","tmp.FEve","tmp.FDiv","tmp.FDis","tmp.RaoQ"
"4102",7.10426727014511,0.746032247257088,0.801671831847087,2.39228886071851,6.3
