"i","tmp.FRic","tmp.FEve","tmp.FDiv","tmp.FDis","tmp.RaoQ"
"4103",10.2008402100903,0.684373001647711,0.843661173540663,2.42562924750389,6.3
