"i","tmp.FRic","tmp.FEve","tmp.FDiv","tmp.FDis","tmp.RaoQ"
"4104",7.23193593636828,0.693262514472765,0.836605917105017,2.43321458856118,6.36363636363636
