"i","tmp.FRic","tmp.FEve","tmp.FDiv","tmp.FDis","tmp.RaoQ"
"4124",3.3385057863398,0.854843683625166,0.838975529752693,2.35958274286131,5.83333333333333
