"i","tmp.FRic","tmp.FEve","tmp.FDiv","tmp.FDis","tmp.RaoQ"
"4125",6.30894310488334,0.813800752358545,0.880146981599697,2.48287311309265,6.36363636363636
