"i","tmp.FRic","tmp.FEve","tmp.FDiv","tmp.FDis","tmp.RaoQ"
"4126",7.4217918530474,0.740195723544651,0.838600801096107,2.48359629672869,6.46153846153846
