"i","tmp.FRic","tmp.FEve","tmp.FDiv","tmp.FDis","tmp.RaoQ"
"4127",5.55716864551404,0.695192605849453,0.833691988645803,2.43673599144721,6.58823529411765
