"i","tmp.FRic","tmp.FEve","tmp.FDiv","tmp.FDis","tmp.RaoQ"
"4128",12.7149299027391,0.630954196715865,0.787525599712867,2.37701314649064,6.5625
