"i","tmp.FRic","tmp.FEve","tmp.FDiv","tmp.FDis","tmp.RaoQ"
"4129",5.16332651828833,0.626456490773613,0.770557094012237,2.36577099484707,6.5625
