"i","tmp.FRic","tmp.FEve","tmp.FDiv","tmp.FDis","tmp.RaoQ"
"4130",7.82132098244674,0.601545598387651,0.777132804790298,2.35515759303828,6.63157894736842
