"i","tmp.FRic","tmp.FEve","tmp.FDiv","tmp.FDis","tmp.RaoQ"
"4198",8.09705058814142,0.853947379527536,0.855185552330564,2.35731984707529,5.83333333333333
