"i","tmp.FRic","tmp.FEve","tmp.FDiv","tmp.FDis","tmp.RaoQ"
"4200",5.28614783982874,0.702357915504264,0.808661129735121,2.40668052539568,6.3
