"i","tmp.FRic","tmp.FEve","tmp.FDiv","tmp.FDis","tmp.RaoQ"
"4201",12.7693407427919,0.730882582514902,0.812870097391215,2.42662515857941,6.36363636363636
