"i","tmp.FRic","tmp.FEve","tmp.FDiv","tmp.FDis","tmp.RaoQ"
"4202",17.8923667258938,0.71066026742284,0.815630391818193,2.42855287117315,6.46153846153846
