"i","tmp.FRic","tmp.FEve","tmp.FDiv","tmp.FDis","tmp.RaoQ"
"4203",10.0460943309099,0.663647442486009,0.813669451346642,2.41865623110077,6.46153846153846
