"i","tmp.FRic","tmp.FEve","tmp.FDiv","tmp.FDis","tmp.RaoQ"
"4211",1.9385728216952,0.550865390113256,0.895670491690748,2.34811892523101,5.6
