"i","tmp.FRic","tmp.FEve","tmp.FDiv","tmp.FDis","tmp.RaoQ"
"4226",4.72171939192842,0.90223654434207,0.934273750919269,2.28464033650226,5.25
