"i","tmp.FRic","tmp.FEve","tmp.FDiv","tmp.FDis","tmp.RaoQ"
"4227",0.577918155993276,0.94540349761903,0.854974742556415,2.37029395032271,5.83333333333333
