"i","tmp.FRic","tmp.FEve","tmp.FDiv","tmp.FDis","tmp.RaoQ"
"4228",6.89477998929385,0.758806644138688,0.801576371132835,2.43335237914147,6.36363636363636
