"i","tmp.FRic","tmp.FEve","tmp.FDiv","tmp.FDis","tmp.RaoQ"
"4229",8.62773954941298,0.629828686769424,0.824369481757413,2.43557053700294,6.66666666666667
