"i","tmp.FRic","tmp.FEve","tmp.FDiv","tmp.FDis","tmp.RaoQ"
"4230",19.1517210261729,0.556427125753112,0.789879513107011,2.35034821354047,6.63157894736842
