"i","tmp.FRic","tmp.FEve","tmp.FDiv","tmp.FDis","tmp.RaoQ"
"4231",7.06297791217654,0.590512742046998,0.789798637925256,2.37003100019842,6.63157894736842
