"i","tmp.FRic","tmp.FEve","tmp.FDiv","tmp.FDis","tmp.RaoQ"
"4232",8.08793941750462,0.601894784544982,0.785561068480823,2.36871661102591,6.65
