"i","tmp.FRic","tmp.FEve","tmp.FDiv","tmp.FDis","tmp.RaoQ"
"4301",1.92419135976393,0.802210018538835,0.873570672341426,2.36578841568245,5.83333333333333
