"i","tmp.FRic","tmp.FEve","tmp.FDiv","tmp.FDis","tmp.RaoQ"
"4303",8.65112663966956,0.681143037909223,0.8092534194636,2.39812567935901,6.36363636363636
