"i","tmp.FRic","tmp.FEve","tmp.FDiv","tmp.FDis","tmp.RaoQ"
"4309",9.35459510327714,0.754989588110552,0.851623193943784,2.42303670541348,6.22222222222222
