"i","tmp.FRic","tmp.FEve","tmp.FDiv","tmp.FDis","tmp.RaoQ"
"432",4.08590283701832,0.789236585643455,0.865851912759079,2.3945519819967,6
