"i","tmp.FRic","tmp.FEve","tmp.FDiv","tmp.FDis","tmp.RaoQ"
"4329",2.345946702428,0.856656757694229,0.84355695909744,2.39134124468885,6
