"i","tmp.FRic","tmp.FEve","tmp.FDiv","tmp.FDis","tmp.RaoQ"
"433",20.3721584569031,0.708217423672869,0.841618603887713,2.50045095464997,6.5
