"i","tmp.FRic","tmp.FEve","tmp.FDiv","tmp.FDis","tmp.RaoQ"
"4330",6.84016059943507,0.738438266697733,0.80112580090215,2.38934594574094,6.3
