"i","tmp.FRic","tmp.FEve","tmp.FDiv","tmp.FDis","tmp.RaoQ"
"4331",6.42238268254209,0.632968542940614,0.810938937892601,2.42279203835574,6.61111111111111
