"i","tmp.FRic","tmp.FEve","tmp.FDiv","tmp.FDis","tmp.RaoQ"
"4332",15.2701167383019,0.576304249963705,0.783562019929333,2.34350542842705,6.5625
