"i","tmp.FRic","tmp.FEve","tmp.FDiv","tmp.FDis","tmp.RaoQ"
"4333",6.33849039803734,0.596403975335133,0.791659534872909,2.37100732064471,6.61111111111111
