"i","tmp.FRic","tmp.FEve","tmp.FDiv","tmp.FDis","tmp.RaoQ"
"434",21.8028611396699,0.769076166380478,0.824471236084118,2.45880138053823,6.46153846153846
