"i","tmp.FRic","tmp.FEve","tmp.FDiv","tmp.FDis","tmp.RaoQ"
"435",9.24829384851623,0.749305191734706,0.826019363291509,2.41738356653739,6.3
