"i","tmp.FRic","tmp.FEve","tmp.FDiv","tmp.FDis","tmp.RaoQ"
"437",3.18621121046441,0.712106836051804,0.775283281356629,2.32872172476449,6
