"i","tmp.FRic","tmp.FEve","tmp.FDiv","tmp.FDis","tmp.RaoQ"
"438",4.80752557771311,0.673415325152468,0.788255065508078,2.3037325825303,5.83333333333333
