"i","tmp.FRic","tmp.FEve","tmp.FDiv","tmp.FDis","tmp.RaoQ"
"4404",6.52161766664415,0.756045493551092,0.78261165832629,2.37274638725003,6.125
