"i","tmp.FRic","tmp.FEve","tmp.FDiv","tmp.FDis","tmp.RaoQ"
"4411",8.58387718556406,0.704689238263197,0.856229673008481,2.40374095698406,6.125
