"i","tmp.FRic","tmp.FEve","tmp.FDiv","tmp.FDis","tmp.RaoQ"
"4431",3.63379373560687,0.866497962246789,0.846773836076008,2.42616257135322,6.125
