"i","tmp.FRic","tmp.FEve","tmp.FDiv","tmp.FDis","tmp.RaoQ"
"4432",7.37087013690947,0.70795514689034,0.816129683343892,2.45122490992733,6.41666666666667
