"i","tmp.FRic","tmp.FEve","tmp.FDiv","tmp.FDis","tmp.RaoQ"
"4433",2.39365910533487,0.707469890142496,0.807253063401606,2.39659320731353,6.46153846153846
