"i","tmp.FRic","tmp.FEve","tmp.FDiv","tmp.FDis","tmp.RaoQ"
"4434",5.06249982898171,0.611437196012708,0.784346032740393,2.35814469725651,6.5625
