"i","tmp.FRic","tmp.FEve","tmp.FDiv","tmp.FDis","tmp.RaoQ"
"4435",4.33372662730247,0.62789167820203,0.794868165294994,2.35205675544417,6.53333333333333
