"i","tmp.FRic","tmp.FEve","tmp.FDiv","tmp.FDis","tmp.RaoQ"
"4512",7.65489824734551,0.695865209745312,0.827821552673141,2.43286779254728,6.36363636363636
