"i","tmp.FRic","tmp.FEve","tmp.FDiv","tmp.FDis","tmp.RaoQ"
"4515",3.51122626849962,0.531428813262293,0.802003621456906,2.29531028212468,5.83333333333333
