"i","tmp.FRic","tmp.FEve","tmp.FDiv","tmp.FDis","tmp.RaoQ"
"4530",5.36224916483645,0.905293212387566,0.863838368692941,2.1275113208987,4.66666666666667
