"i","tmp.FRic","tmp.FEve","tmp.FDiv","tmp.FDis","tmp.RaoQ"
"4533",5.11908948573323,0.767760643735361,0.853009236516706,2.12421563933381,4.66666666666667
