"i","tmp.FRic","tmp.FEve","tmp.FDiv","tmp.FDis","tmp.RaoQ"
"4534",0.63074126952187,0.861775579763049,0.855198886037225,2.36876308162927,5.83333333333333
