"i","tmp.FRic","tmp.FEve","tmp.FDiv","tmp.FDis","tmp.RaoQ"
"4535",3.75761249562266,0.776210628513596,0.890264772892909,2.48305720505923,6.3
