"i","tmp.FRic","tmp.FEve","tmp.FDiv","tmp.FDis","tmp.RaoQ"
"4536",3.22042544158185,0.678895827208578,0.774556819331601,2.36473556423797,6.46153846153846
