"i","tmp.FRic","tmp.FEve","tmp.FDiv","tmp.FDis","tmp.RaoQ"
"4537",3.70937873944104,0.670010971672735,0.775973670326306,2.37731573805656,6.5
