"i","tmp.FRic","tmp.FEve","tmp.FDiv","tmp.FDis","tmp.RaoQ"
"4609",12.792209505799,0.724488678230566,0.795857287375398,2.41037186228129,6.3
