"i","tmp.FRic","tmp.FEve","tmp.FDiv","tmp.FDis","tmp.RaoQ"
"4611",7.06228541716639,0.660944196606094,0.84443033451778,2.44296286662434,6.3
