"i","tmp.FRic","tmp.FEve","tmp.FDiv","tmp.FDis","tmp.RaoQ"
"4612",7.77702916624648,0.603164207770346,0.846195897423935,2.43736375281589,6.36363636363636
