"i","tmp.FRic","tmp.FEve","tmp.FDiv","tmp.FDis","tmp.RaoQ"
"4614",8.64002740555078,0.638833239316778,0.824107319780775,2.41903756230327,6.41666666666667
