"i","tmp.FRic","tmp.FEve","tmp.FDiv","tmp.FDis","tmp.RaoQ"
"4615",9.31217785061411,0.68963112843983,0.86894435800347,2.42450924323366,6.22222222222222
