"i","tmp.FRic","tmp.FEve","tmp.FDiv","tmp.FDis","tmp.RaoQ"
"4616",4.47063913004542,0.621970517643175,0.818386716361005,2.33950763002965,6
