"i","tmp.FRic","tmp.FEve","tmp.FDiv","tmp.FDis","tmp.RaoQ"
"4620",1.13001015813393,0.406591293094444,0.834402317443212,2.29603852782918,5.6
