"i","tmp.FRic","tmp.FEve","tmp.FDiv","tmp.FDis","tmp.RaoQ"
"4631",0.287925511553845,0.738559926829728,0.834411718621804,2.30852341102581,5.6
