"i","tmp.FRic","tmp.FEve","tmp.FDiv","tmp.FDis","tmp.RaoQ"
"4632",5.06021748677979,0.945928211746107,0.956217752960673,2.2887941280516,5.25
