"i","tmp.FRic","tmp.FEve","tmp.FDiv","tmp.FDis","tmp.RaoQ"
"4633",3.23614650323252,0.976766329898222,0.9532851065223,2.3630139221646,5.6
