"i","tmp.FRic","tmp.FEve","tmp.FDiv","tmp.FDis","tmp.RaoQ"
"4635",3.86416687962759,0.898542835653137,0.975787510296688,2.29014308316921,5.25
