"i","tmp.FRic","tmp.FEve","tmp.FDiv","tmp.FDis","tmp.RaoQ"
"4636",0.306274963579674,0.80205181569625,0.860897843949347,2.38201911181542,5.83333333333333
