"i","tmp.FRic","tmp.FEve","tmp.FDiv","tmp.FDis","tmp.RaoQ"
"4637",2.43054783560412,0.807666449629506,0.919695260478229,2.46357524951394,6.125
