"i","tmp.FRic","tmp.FEve","tmp.FDiv","tmp.FDis","tmp.RaoQ"
"4639",2.41806630972173,0.690155711441807,0.778408619138741,2.36097023997095,6.41666666666667
