"i","tmp.FRic","tmp.FEve","tmp.FDiv","tmp.FDis","tmp.RaoQ"
"4640",2.86288823036805,0.633247511315953,0.794300622428734,2.33518385967944,6.46153846153846
