"i","tmp.FRic","tmp.FEve","tmp.FDiv","tmp.FDis","tmp.RaoQ"
"4733",0.125070825229354,0.807987614035359,0.888932805607465,2.39249181150384,5.83333333333333
