"i","tmp.FRic","tmp.FEve","tmp.FDiv","tmp.FDis","tmp.RaoQ"
"4736",5.73234589191732,0.958470401460258,0.900107733454815,2.14468048798504,4.66666666666667
