"i","tmp.FRic","tmp.FEve","tmp.FDiv","tmp.FDis","tmp.RaoQ"
"4737",5.97943127191203,0.939942639742355,0.949138316487127,2.15670519051861,4.66666666666667
