"i","tmp.FRic","tmp.FEve","tmp.FDiv","tmp.FDis","tmp.RaoQ"
"4738",1.13693178857785,0.74498346633203,0.839225225918878,2.39792657073676,6
