"i","tmp.FRic","tmp.FEve","tmp.FDiv","tmp.FDis","tmp.RaoQ"
"4739",3.63912268766774,0.778860900780642,0.8976962645656,2.47402416969188,6.22222222222222
