"i","tmp.FRic","tmp.FEve","tmp.FDiv","tmp.FDis","tmp.RaoQ"
"4740",6.82693564856016,0.703531229359793,0.86301583443389,2.49316009202731,6.41666666666667
