"i","tmp.FRic","tmp.FEve","tmp.FDiv","tmp.FDis","tmp.RaoQ"
"4741",3.83310159906238,0.679197817659234,0.814261550495683,2.41347964293348,6.53333333333333
