"i","tmp.FRic","tmp.FEve","tmp.FDiv","tmp.FDis","tmp.RaoQ"
"4749",10.5909728128102,0.615548442104074,0.776328038050114,2.3246326483878,6.82926829268293
