"i","tmp.FRic","tmp.FEve","tmp.FDiv","tmp.FDis","tmp.RaoQ"
"4750",9.94046292440449,0.624194146205234,0.783693437795962,2.32820814379706,6.825
