"i","tmp.FRic","tmp.FEve","tmp.FDiv","tmp.FDis","tmp.RaoQ"
"4813",14.2437883691118,0.677679300742736,0.796298346702164,2.39843789085237,6.36363636363636
