"i","tmp.FRic","tmp.FEve","tmp.FDiv","tmp.FDis","tmp.RaoQ"
"4825",1.39740952508808,0.428668947302774,0.861217665523981,2.31201452252063,5.6
