"i","tmp.FRic","tmp.FEve","tmp.FDiv","tmp.FDis","tmp.RaoQ"
"4828",0.671103146403131,0.560746497278826,0.73916511150659,2.15708889112606,5.25
