"i","tmp.FRic","tmp.FEve","tmp.FDiv","tmp.FDis","tmp.RaoQ"
"4835",2.70129064191831,0.953319301340968,0.940684294432567,2.35986980384603,5.6
