"i","tmp.FRic","tmp.FEve","tmp.FDiv","tmp.FDis","tmp.RaoQ"
"4837",1.13789684583898,0.96734646642714,0.944356307259974,2.41011344773945,5.83333333333333
