"i","tmp.FRic","tmp.FEve","tmp.FDiv","tmp.FDis","tmp.RaoQ"
"4838",4.92966991863348,0.961408472757579,0.870500464670962,2.26065325263903,5.25
