"i","tmp.FRic","tmp.FEve","tmp.FDiv","tmp.FDis","tmp.RaoQ"
"4839",2.78777235339819,0.935890787576013,0.874191936318118,2.33826566018535,5.6
