"i","tmp.FRic","tmp.FEve","tmp.FDiv","tmp.FDis","tmp.RaoQ"
"4841",5.61947352499744,0.784014312673995,0.872459021781881,2.44967961773082,6.3
