"i","tmp.FRic","tmp.FEve","tmp.FDiv","tmp.FDis","tmp.RaoQ"
"4842",9.61722002172254,0.762346887681375,0.842871852398268,2.45967287504939,6.41666666666667
