"i","tmp.FRic","tmp.FEve","tmp.FDiv","tmp.FDis","tmp.RaoQ"
"4843",5.17163522227352,0.651437212147397,0.781875794430814,2.3837821217776,6.5625
