"i","tmp.FRic","tmp.FEve","tmp.FDiv","tmp.FDis","tmp.RaoQ"
"4844",7.7341973498741,0.588164819156362,0.765707825134226,2.36781218771188,6.63157894736842
