"i","tmp.FRic","tmp.FEve","tmp.FDiv","tmp.FDis","tmp.RaoQ"
"4850",8.86422018473976,0.592929037746057,0.775604198986787,2.29334463813063,6.82926829268293
