"i","tmp.FRic","tmp.FEve","tmp.FDiv","tmp.FDis","tmp.RaoQ"
"4851",8.82169481453827,0.590936680123704,0.770772980763185,2.29532635415325,6.83720930232558
