"i","tmp.FRic","tmp.FEve","tmp.FDiv","tmp.FDis","tmp.RaoQ"
"4852",11.345143982804,0.604967432019818,0.781696708357377,2.31731738498051,6.83333333333333
