"i","tmp.FRic","tmp.FEve","tmp.FDiv","tmp.FDis","tmp.RaoQ"
"4922",7.44802750499864,0.641133131507623,0.817461055191693,2.36527292678772,6
