"i","tmp.FRic","tmp.FEve","tmp.FDiv","tmp.FDis","tmp.RaoQ"
"4933",1.177661833973,0.609439052753942,0.849731939881911,2.24749977637898,5.25
