"i","tmp.FRic","tmp.FEve","tmp.FDiv","tmp.FDis","tmp.RaoQ"
"4936",3.89643920425733,0.926133643501092,0.885011234151425,2.27094817527884,5.25
