"i","tmp.FRic","tmp.FEve","tmp.FDiv","tmp.FDis","tmp.RaoQ"
"4938",2.64384742715895,0.851911490486226,0.968144327942979,2.47264218696563,6.125
