"i","tmp.FRic","tmp.FEve","tmp.FDiv","tmp.FDis","tmp.RaoQ"
"4939",2.28446799570574,0.956453263884937,0.925966729679468,2.43886363394558,6
