"i","tmp.FRic","tmp.FEve","tmp.FDiv","tmp.FDis","tmp.RaoQ"
"4940",3.0105932196715,0.873424363194812,0.864297365515824,2.40910844309915,6
