"i","tmp.FRic","tmp.FEve","tmp.FDiv","tmp.FDis","tmp.RaoQ"
"4941",9.02368093559481,0.822197345189063,0.852017502577521,2.3880887785963,6
