"i","tmp.FRic","tmp.FEve","tmp.FDiv","tmp.FDis","tmp.RaoQ"
"4942",7.29349939355002,0.839871049485399,0.840908520972914,2.43336029422058,6.3
