"i","tmp.FRic","tmp.FEve","tmp.FDiv","tmp.FDis","tmp.RaoQ"
"4943",9.91785011393391,0.78876839908194,0.86000557409618,2.47099878164623,6.41666666666667
