"i","tmp.FRic","tmp.FEve","tmp.FDiv","tmp.FDis","tmp.RaoQ"
"4944",15.7981220449018,0.668714345013618,0.827173880314266,2.45475377751311,6.5625
