"i","tmp.FRic","tmp.FEve","tmp.FDiv","tmp.FDis","tmp.RaoQ"
"4945",9.68706874509477,0.627871074109485,0.780614187537997,2.3774876341255,6.65
