"i","tmp.FRic","tmp.FEve","tmp.FDiv","tmp.FDis","tmp.RaoQ"
"4946",6.75004663664139,0.550862481127315,0.757441865260467,2.32153898825394,6.74074074074074
