"i","tmp.FRic","tmp.FEve","tmp.FDiv","tmp.FDis","tmp.RaoQ"
"4947",7.52292117097681,0.545754444197125,0.771848699772224,2.32801969326422,6.76666666666667
