"i","tmp.FRic","tmp.FEve","tmp.FDiv","tmp.FDis","tmp.RaoQ"
"4950",9.06598128659351,0.578251223020071,0.778260377613963,2.27445114455616,6.825
