"i","tmp.FRic","tmp.FEve","tmp.FDiv","tmp.FDis","tmp.RaoQ"
"4951",11.0162078065514,0.57341068549989,0.773225958605612,2.27814375799472,6.83720930232558
