"i","tmp.FRic","tmp.FEve","tmp.FDiv","tmp.FDis","tmp.RaoQ"
"4952",10.0934988318241,0.590878081642226,0.772846321284489,2.29696132524644,6.83720930232558
