"i","tmp.FRic","tmp.FEve","tmp.FDiv","tmp.FDis","tmp.RaoQ"
"4953",13.3970847271077,0.586178742703228,0.793210516757369,2.32757606580978,6.84090909090909
