"i","tmp.FRic","tmp.FEve","tmp.FDiv","tmp.FDis","tmp.RaoQ"
"4954",10.6724211698219,0.612447946023669,0.792462340394128,2.32328818049961,6.82051282051282
