"i","tmp.FRic","tmp.FEve","tmp.FDiv","tmp.FDis","tmp.RaoQ"
"4955",6.99061246824528,0.617135297128158,0.777615561983505,2.30276453341543,6.81081081081081
