"i","tmp.FRic","tmp.FEve","tmp.FDiv","tmp.FDis","tmp.RaoQ"
"5019",6.47849433583997,0.663028483435893,0.817126489091317,2.38924764949758,6.36363636363636
