"i","tmp.FRic","tmp.FEve","tmp.FDiv","tmp.FDis","tmp.RaoQ"
"5022",6.73195503728808,0.706152817937846,0.848730084506209,2.43840236174969,6.3
