"i","tmp.FRic","tmp.FEve","tmp.FDiv","tmp.FDis","tmp.RaoQ"
"5026",2.7668651606777,0.323349708043404,0.980000402818516,2.29080409366758,5.25
