"i","tmp.FRic","tmp.FEve","tmp.FDiv","tmp.FDis","tmp.RaoQ"
"5035",0.347352403724146,0.705109671164962,0.823527199021139,2.30142731858327,5.6
