"i","tmp.FRic","tmp.FEve","tmp.FDiv","tmp.FDis","tmp.RaoQ"
"5037",5.74629556759548,0.982609259436877,0.899496035314215,2.14510238355762,4.66666666666667
