"i","tmp.FRic","tmp.FEve","tmp.FDiv","tmp.FDis","tmp.RaoQ"
"5039",1.63078952448334,0.929823071644438,0.939472252714968,2.35849146645211,5.6
