"i","tmp.FRic","tmp.FEve","tmp.FDiv","tmp.FDis","tmp.RaoQ"
"5040",13.2985736920451,0.822567659795137,0.866831142485307,2.42803930434969,6.125
