"i","tmp.FRic","tmp.FEve","tmp.FDiv","tmp.FDis","tmp.RaoQ"
"5041",10.1445099024626,0.823637518402357,0.817269443553034,2.37971005183487,6
