"i","tmp.FRic","tmp.FEve","tmp.FDiv","tmp.FDis","tmp.RaoQ"
"5042",12.7901593697015,0.840409014270963,0.832657979670929,2.4110688770214,6.125
