"i","tmp.FRic","tmp.FEve","tmp.FDiv","tmp.FDis","tmp.RaoQ"
"5043",5.82694357397717,0.8564561279976,0.835081690857886,2.43285684990406,6.22222222222222
