"i","tmp.FRic","tmp.FEve","tmp.FDiv","tmp.FDis","tmp.RaoQ"
"5044",20.9829877103406,0.762325428002473,0.82379910284363,2.41828933046445,6.36363636363636
