"i","tmp.FRic","tmp.FEve","tmp.FDiv","tmp.FDis","tmp.RaoQ"
"5045",11.4190865653941,0.775019296948662,0.854460207915341,2.46591288068599,6.46153846153846
