"i","tmp.FRic","tmp.FEve","tmp.FDiv","tmp.FDis","tmp.RaoQ"
"5046",17.0100473971651,0.697406520879219,0.828700164540049,2.47159147685626,6.58823529411765
