"i","tmp.FRic","tmp.FEve","tmp.FDiv","tmp.FDis","tmp.RaoQ"
"5047",8.46759032534643,0.638024061924723,0.799215375211331,2.41444818386067,6.65
