"i","tmp.FRic","tmp.FEve","tmp.FDiv","tmp.FDis","tmp.RaoQ"
"5048",4.15031541897381,0.610861061575238,0.758194388163067,2.34147930494845,6.72
