"i","tmp.FRic","tmp.FEve","tmp.FDiv","tmp.FDis","tmp.RaoQ"
"5049",6.30645985304134,0.579658667539304,0.775866140160991,2.3216101896334,6.75862068965517
