"i","tmp.FRic","tmp.FEve","tmp.FDiv","tmp.FDis","tmp.RaoQ"
"5050",6.69665576872005,0.618625526626571,0.784167907663893,2.35050064407646,6.8
