"i","tmp.FRic","tmp.FEve","tmp.FDiv","tmp.FDis","tmp.RaoQ"
"5051",7.57108987759228,0.570553406591997,0.784488959023972,2.29437198106963,6.80555555555556
