"i","tmp.FRic","tmp.FEve","tmp.FDiv","tmp.FDis","tmp.RaoQ"
"5052",9.72974206961756,0.577092728601903,0.784002382366342,2.28330063452046,6.825
