"i","tmp.FRic","tmp.FEve","tmp.FDiv","tmp.FDis","tmp.RaoQ"
"5053",10.3334353401976,0.570027601461962,0.782452340201759,2.25681366861078,6.825
