"i","tmp.FRic","tmp.FEve","tmp.FDiv","tmp.FDis","tmp.RaoQ"
"5054",9.50669937847039,0.589540258604998,0.782226785808241,2.28038528401245,6.825
