"i","tmp.FRic","tmp.FEve","tmp.FDiv","tmp.FDis","tmp.RaoQ"
"5055",12.408589673387,0.605776922599678,0.796905028295332,2.31636001393911,6.82926829268293
