"i","tmp.FRic","tmp.FEve","tmp.FDiv","tmp.FDis","tmp.RaoQ"
"5056",11.2760069060624,0.615779782520568,0.791537289218219,2.32834088786676,6.825
