"i","tmp.FRic","tmp.FEve","tmp.FDiv","tmp.FDis","tmp.RaoQ"
"5057",7.42421924727885,0.608932151997734,0.779847208243219,2.29858398505572,6.81578947368421
