"i","tmp.FRic","tmp.FEve","tmp.FDiv","tmp.FDis","tmp.RaoQ"
"5059",6.57715116281853,0.621170716952247,0.776265665116921,2.3024811319223,6.81578947368421
