"i","tmp.FRic","tmp.FEve","tmp.FDiv","tmp.FDis","tmp.RaoQ"
"5120",7.74556220556926,0.675981630234905,0.753093637374111,2.30053070581024,6.36363636363636
