"i","tmp.FRic","tmp.FEve","tmp.FDiv","tmp.FDis","tmp.RaoQ"
"5121",6.50142488847392,0.678784980115345,0.764383385352978,2.33425141503347,6.3
