"i","tmp.FRic","tmp.FEve","tmp.FDiv","tmp.FDis","tmp.RaoQ"
"5123",6.86697572946294,0.689542542899937,0.807873383185849,2.38749025129918,6.41666666666667
