"i","tmp.FRic","tmp.FEve","tmp.FDiv","tmp.FDis","tmp.RaoQ"
"5126",6.00040156427854,0.70569817435975,0.849218770272873,2.4295838280483,6.22222222222222
