"i","tmp.FRic","tmp.FEve","tmp.FDiv","tmp.FDis","tmp.RaoQ"
"5135",1.67236450086925,0.287252868856145,0.758226687074126,2.04566269657896,4.66666666666667
