"i","tmp.FRic","tmp.FEve","tmp.FDiv","tmp.FDis","tmp.RaoQ"
"5139",2.9525225497696,0.887235251072388,0.881106407366596,2.33208009817149,5.6
