"i","tmp.FRic","tmp.FEve","tmp.FDiv","tmp.FDis","tmp.RaoQ"
"5140",6.7940476938601,0.869105606685245,0.890612538660134,2.42091202212915,6
