"i","tmp.FRic","tmp.FEve","tmp.FDiv","tmp.FDis","tmp.RaoQ"
"5141",15.8928353495642,0.820882223107299,0.846052742319941,2.41930572899907,6.22222222222222
