"i","tmp.FRic","tmp.FEve","tmp.FDiv","tmp.FDis","tmp.RaoQ"
"5142",18.1504009304804,0.809719520492491,0.887868147511938,2.4484833169335,6.3
