"i","tmp.FRic","tmp.FEve","tmp.FDiv","tmp.FDis","tmp.RaoQ"
"5143",15.2628608951153,0.752937055323005,0.795561569966269,2.36201918375734,6.22222222222222
