"i","tmp.FRic","tmp.FEve","tmp.FDiv","tmp.FDis","tmp.RaoQ"
"5144",11.0795728836356,0.739981971875185,0.808680773644708,2.36578116570174,6.125
