"i","tmp.FRic","tmp.FEve","tmp.FDiv","tmp.FDis","tmp.RaoQ"
"5145",16.28424992989,0.687029679479283,0.79279287308307,2.3829404804851,6.3
