"i","tmp.FRic","tmp.FEve","tmp.FDiv","tmp.FDis","tmp.RaoQ"
"5146",22.4800948100159,0.687894209722873,0.791403316274457,2.38572400622406,6.41666666666667
