"i","tmp.FRic","tmp.FEve","tmp.FDiv","tmp.FDis","tmp.RaoQ"
"5147",27.0348215332521,0.711143801290727,0.876042443377162,2.47266252117584,6.53333333333333
