"i","tmp.FRic","tmp.FEve","tmp.FDiv","tmp.FDis","tmp.RaoQ"
"5148",6.82676588387241,0.693779905549624,0.821673594177956,2.41775223264923,6.58823529411765
