"i","tmp.FRic","tmp.FEve","tmp.FDiv","tmp.FDis","tmp.RaoQ"
"5149",8.35863331781486,0.655289957104792,0.81901476957778,2.4146050662894,6.63157894736842
