"i","tmp.FRic","tmp.FEve","tmp.FDiv","tmp.FDis","tmp.RaoQ"
"5150",4.6649270355848,0.598788376821455,0.758814602163389,2.32316045541481,6.69565217391304
