"i","tmp.FRic","tmp.FEve","tmp.FDiv","tmp.FDis","tmp.RaoQ"
"5151",5.74784974211665,0.591561515529213,0.775425897848249,2.33023791388847,6.75
