"i","tmp.FRic","tmp.FEve","tmp.FDiv","tmp.FDis","tmp.RaoQ"
"5152",6.30194102633014,0.617464959753359,0.784523770033114,2.35427320663525,6.79411764705882
