"i","tmp.FRic","tmp.FEve","tmp.FDiv","tmp.FDis","tmp.RaoQ"
"5154",7.38799633067794,0.576489451001435,0.788547992319172,2.3081090090917,6.80555555555556
