"i","tmp.FRic","tmp.FEve","tmp.FDiv","tmp.FDis","tmp.RaoQ"
"5155",7.12267561121741,0.591036933753263,0.779399689556296,2.30851527294641,6.8
