"i","tmp.FRic","tmp.FEve","tmp.FDiv","tmp.FDis","tmp.RaoQ"
"5156",7.60140729269899,0.576517738229921,0.78141026704039,2.29807197641959,6.81578947368421
