"i","tmp.FRic","tmp.FEve","tmp.FDiv","tmp.FDis","tmp.RaoQ"
"5157",8.7746207333522,0.574976728721887,0.775695007952099,2.29819909507107,6.825
