"i","tmp.FRic","tmp.FEve","tmp.FDiv","tmp.FDis","tmp.RaoQ"
"5158",7.25743843155362,0.608762775040298,0.781579709242865,2.31599137827277,6.81578947368421
