"i","tmp.FRic","tmp.FEve","tmp.FDiv","tmp.FDis","tmp.RaoQ"
"5160",6.8493904652868,0.603367712589385,0.782608279424669,2.30984952355787,6.81081081081081
