"i","tmp.FRic","tmp.FEve","tmp.FDiv","tmp.FDis","tmp.RaoQ"
"5162",6.70121962004174,0.625890928753828,0.783991657954739,2.30049491912943,6.80555555555556
