"i","tmp.FRic","tmp.FEve","tmp.FDiv","tmp.FDis","tmp.RaoQ"
"5163",8.30457388744821,0.604410649010091,0.797939329415799,2.31718547669236,6.80555555555555
