"i","tmp.FRic","tmp.FEve","tmp.FDiv","tmp.FDis","tmp.RaoQ"
"5221",17.1876534811762,0.65974453249884,0.761453564980076,2.32182142152738,6.46153846153846
