"i","tmp.FRic","tmp.FEve","tmp.FDiv","tmp.FDis","tmp.RaoQ"
"5226",5.70501379750158,0.71269612252317,0.80733669215759,2.38107812021969,6.3
