"i","tmp.FRic","tmp.FEve","tmp.FDiv","tmp.FDis","tmp.RaoQ"
"5230",4.15583505197511,0.534521522004711,0.844598168387529,2.29654298593,5.83333333333333
