"i","tmp.FRic","tmp.FEve","tmp.FDiv","tmp.FDis","tmp.RaoQ"
"5233",3.41799089509191,0.31032981776645,0.98726520968012,2.32168154054965,5.6
