"i","tmp.FRic","tmp.FEve","tmp.FDiv","tmp.FDis","tmp.RaoQ"
"5235",1.28261071084947,0.435073023344923,0.85221168651462,2.31175386765845,5.6
