"i","tmp.FRic","tmp.FEve","tmp.FDiv","tmp.FDis","tmp.RaoQ"
"5239",1.68575586767139,0.735288172832592,0.869560430295798,2.3810477252939,5.83333333333333
