"i","tmp.FRic","tmp.FEve","tmp.FDiv","tmp.FDis","tmp.RaoQ"
"5240",6.53849105328404,0.877549630612871,0.890279404648988,2.42396209868647,6
