"i","tmp.FRic","tmp.FEve","tmp.FDiv","tmp.FDis","tmp.RaoQ"
"5244",20.7513192146242,0.770494401930197,0.879207582567262,2.43596455662142,6.36363636363636
