"i","tmp.FRic","tmp.FEve","tmp.FDiv","tmp.FDis","tmp.RaoQ"
"5245",11.2923214659629,0.711816456390332,0.769073927201508,2.35380437023885,6.41666666666667
