"i","tmp.FRic","tmp.FEve","tmp.FDiv","tmp.FDis","tmp.RaoQ"
"5246",8.88213378040242,0.715734030816063,0.762286616924782,2.35147729507985,6.36363636363636
