"i","tmp.FRic","tmp.FEve","tmp.FDiv","tmp.FDis","tmp.RaoQ"
"5248",20.8783709083819,0.687967037125499,0.763177210949535,2.35159494403419,6.5625
