"i","tmp.FRic","tmp.FEve","tmp.FDiv","tmp.FDis","tmp.RaoQ"
"5250",21.5822321676818,0.657358557951144,0.794461843165502,2.38087999382997,6.61111111111111
