"i","tmp.FRic","tmp.FEve","tmp.FDiv","tmp.FDis","tmp.RaoQ"
"5251",20.3361464918855,0.70381703044675,0.829935873525787,2.40816038615543,6.58823529411765
