"i","tmp.FRic","tmp.FEve","tmp.FDiv","tmp.FDis","tmp.RaoQ"
"5252",13.3539606288395,0.644673821292516,0.812412154501243,2.40478296186815,6.69565217391304
