"i","tmp.FRic","tmp.FEve","tmp.FDiv","tmp.FDis","tmp.RaoQ"
"5253",6.15447577395487,0.585064329299483,0.7695312106129,2.31177562515363,6.72
