"i","tmp.FRic","tmp.FEve","tmp.FDiv","tmp.FDis","tmp.RaoQ"
"5254",10.9457989848269,0.580450097400813,0.784625593924135,2.33153588267203,6.81578947368421
