"i","tmp.FRic","tmp.FEve","tmp.FDiv","tmp.FDis","tmp.RaoQ"
"5255",7.51517668051412,0.597193662158423,0.782050476946029,2.32173805497228,6.80555555555555
