"i","tmp.FRic","tmp.FEve","tmp.FDiv","tmp.FDis","tmp.RaoQ"
"5256",7.41408982727686,0.601671546104057,0.778601752000333,2.30770278793361,6.8
