"i","tmp.FRic","tmp.FEve","tmp.FDiv","tmp.FDis","tmp.RaoQ"
"5257",5.7856269954505,0.611636044342696,0.777486151976046,2.31819627636664,6.78787878787879
