"i","tmp.FRic","tmp.FEve","tmp.FDiv","tmp.FDis","tmp.RaoQ"
"5258",5.18752341735502,0.607716189383445,0.784091979145047,2.32003897100988,6.78787878787879
