"i","tmp.FRic","tmp.FEve","tmp.FDiv","tmp.FDis","tmp.RaoQ"
"5259",6.74065210331951,0.605078754679985,0.78296675816486,2.31910470458134,6.80555555555555
