"i","tmp.FRic","tmp.FEve","tmp.FDiv","tmp.FDis","tmp.RaoQ"
"5263",6.41400684361417,0.614060548973366,0.782006689648173,2.31967877029018,6.80555555555556
