"i","tmp.FRic","tmp.FEve","tmp.FDiv","tmp.FDis","tmp.RaoQ"
"5265",5.76566632249243,0.62188307500014,0.788688395268743,2.31086007218653,6.8
