"i","tmp.FRic","tmp.FEve","tmp.FDiv","tmp.FDis","tmp.RaoQ"
"5266",6.68107217932732,0.633029282100066,0.781748543156655,2.31265927117885,6.80555555555556
