"i","tmp.FRic","tmp.FEve","tmp.FDiv","tmp.FDis","tmp.RaoQ"
"5323",15.7773598044412,0.688369957014879,0.786926169544445,2.33055048731224,6.41666666666667
