"i","tmp.FRic","tmp.FEve","tmp.FDiv","tmp.FDis","tmp.RaoQ"
"5327",6.83648407647011,0.699186258128938,0.762017941136074,2.33452002278686,6.36363636363636
