"i","tmp.FRic","tmp.FEve","tmp.FDiv","tmp.FDis","tmp.RaoQ"
"5334",4.90442339123509,0.488626537568509,0.858409633100676,2.35858307596564,6
