"i","tmp.FRic","tmp.FEve","tmp.FDiv","tmp.FDis","tmp.RaoQ"
"5335",2.06728354091739,0.379078045876742,0.88203829034023,2.34987072289029,5.83333333333333
