"i","tmp.FRic","tmp.FEve","tmp.FDiv","tmp.FDis","tmp.RaoQ"
"5337",3.40546260145655,0.476051565754715,0.810208609453744,2.34956323957409,6
