"i","tmp.FRic","tmp.FEve","tmp.FDiv","tmp.FDis","tmp.RaoQ"
"5339",3.37608781524439,0.569533860371398,0.891919080963406,2.38298205919929,5.83333333333333
