"i","tmp.FRic","tmp.FEve","tmp.FDiv","tmp.FDis","tmp.RaoQ"
"534",6.03253493309574,0.711199696677496,0.805944801089766,2.36346592976712,6.22222222222222
