"i","tmp.FRic","tmp.FEve","tmp.FDiv","tmp.FDis","tmp.RaoQ"
"5340",0.429107663035953,0.562695649198072,0.895498693136202,2.2754225394266,5.25
