"i","tmp.FRic","tmp.FEve","tmp.FDiv","tmp.FDis","tmp.RaoQ"
"5341",7.29317734401729,0.795246359226482,0.945210893680605,2.46524092009916,6.125
