"i","tmp.FRic","tmp.FEve","tmp.FDiv","tmp.FDis","tmp.RaoQ"
"5342",6.84688439991037,0.824006438136689,0.939924107130076,2.44268928873107,6
