"i","tmp.FRic","tmp.FEve","tmp.FDiv","tmp.FDis","tmp.RaoQ"
"5343",8.73308200461236,0.8369505479496,0.929711152900128,2.46103289043576,6.125
