"i","tmp.FRic","tmp.FEve","tmp.FDiv","tmp.FDis","tmp.RaoQ"
"5346",10.9918492089416,0.733892341435884,0.814095415830029,2.37934059983966,6.41666666666667
