"i","tmp.FRic","tmp.FEve","tmp.FDiv","tmp.FDis","tmp.RaoQ"
"5348",12.4703723420224,0.676821231815435,0.770303687566008,2.3453471081257,6.46153846153846
