"i","tmp.FRic","tmp.FEve","tmp.FDiv","tmp.FDis","tmp.RaoQ"
"535",17.5419671215027,0.735546586930287,0.836462590924127,2.48789757231074,6.46153846153846
