"i","tmp.FRic","tmp.FEve","tmp.FDiv","tmp.FDis","tmp.RaoQ"
"5350",22.5633147330885,0.668406869534796,0.770470931582775,2.35190375086227,6.58823529411765
