"i","tmp.FRic","tmp.FEve","tmp.FDiv","tmp.FDis","tmp.RaoQ"
"5354",10.04811248271,0.587594064888842,0.841329119893051,2.38395105873956,6.68181818181818
