"i","tmp.FRic","tmp.FEve","tmp.FDiv","tmp.FDis","tmp.RaoQ"
"5355",11.7282500610234,0.613729853947942,0.841034782114022,2.3910572250389,6.68181818181818
