"i","tmp.FRic","tmp.FEve","tmp.FDiv","tmp.FDis","tmp.RaoQ"
"5356",5.58330683273468,0.603138665954288,0.769443413936046,2.31603795123577,6.74074074074074
