"i","tmp.FRic","tmp.FEve","tmp.FDiv","tmp.FDis","tmp.RaoQ"
"5357",7.04016174615752,0.601256732410939,0.774178608265964,2.31298174362085,6.78787878787879
