"i","tmp.FRic","tmp.FEve","tmp.FDiv","tmp.FDis","tmp.RaoQ"
"5358",5.47014787543028,0.614876844637087,0.781949559690019,2.31402632839069,6.78125
