"i","tmp.FRic","tmp.FEve","tmp.FDiv","tmp.FDis","tmp.RaoQ"
"5359",5.5272535537476,0.622598249151075,0.782906829597912,2.3240030220736,6.78787878787879
