"i","tmp.FRic","tmp.FEve","tmp.FDiv","tmp.FDis","tmp.RaoQ"
"536",18.7088752735792,0.778604328746099,0.838345189813923,2.46028175142449,6.41666666666667
