"i","tmp.FRic","tmp.FEve","tmp.FDiv","tmp.FDis","tmp.RaoQ"
"5361",5.8584091359982,0.587881752483298,0.786531977968549,2.30565891459497,6.79411764705882
