"i","tmp.FRic","tmp.FEve","tmp.FDiv","tmp.FDis","tmp.RaoQ"
"5362",6.98327628916119,0.59651824033325,0.780353234149029,2.30451815523314,6.81081081081081
