"i","tmp.FRic","tmp.FEve","tmp.FDiv","tmp.FDis","tmp.RaoQ"
"5366",5.81608142911009,0.612775704797339,0.788809272214899,2.31817694061593,6.8
