"i","tmp.FRic","tmp.FEve","tmp.FDiv","tmp.FDis","tmp.RaoQ"
"5367",7.231888777663,0.603702853046935,0.782979994805721,2.31841481592411,6.81578947368421
