"i","tmp.FRic","tmp.FEve","tmp.FDiv","tmp.FDis","tmp.RaoQ"
"5368",8.25456946631293,0.599072145333176,0.781453413088729,2.2988695604364,6.825
