"i","tmp.FRic","tmp.FEve","tmp.FDiv","tmp.FDis","tmp.RaoQ"
"537",14.1806260296746,0.780698061560895,0.831439533020065,2.44222407884548,6.36363636363636
