"i","tmp.FRic","tmp.FEve","tmp.FDiv","tmp.FDis","tmp.RaoQ"
"538",1.92982857089799,0.744004972862109,0.86445214680659,2.38845319242486,6
