"i","tmp.FRic","tmp.FEve","tmp.FDiv","tmp.FDis","tmp.RaoQ"
"539",5.43031693442363,0.680862613030906,0.832056599539031,2.41880527843245,6.125
