"i","tmp.FRic","tmp.FEve","tmp.FDiv","tmp.FDis","tmp.RaoQ"
"542",1.32906844229632,0.665254957156024,0.796387132905036,2.32194837446576,6
