"i","tmp.FRic","tmp.FEve","tmp.FDiv","tmp.FDis","tmp.RaoQ"
"5427",8.392116870524,0.64811439503669,0.762380587416057,2.29551440973125,6.41666666666667
