"i","tmp.FRic","tmp.FEve","tmp.FDiv","tmp.FDis","tmp.RaoQ"
"5429",6.10274938756478,0.734214826066541,0.761358691417432,2.33545101705797,6.3
