"i","tmp.FRic","tmp.FEve","tmp.FDiv","tmp.FDis","tmp.RaoQ"
"5430",5.41540155622285,0.763460607198303,0.780918391762434,2.32798379548308,6.22222222222222
