"i","tmp.FRic","tmp.FEve","tmp.FDiv","tmp.FDis","tmp.RaoQ"
"5432",4.16106288670544,0.651893966508267,0.789635010080035,2.3109111037532,6.125
