"i","tmp.FRic","tmp.FEve","tmp.FDiv","tmp.FDis","tmp.RaoQ"
"5437",5.84763794916511,0.569540214260395,0.849168242677017,2.39379555996873,6.125
