"i","tmp.FRic","tmp.FEve","tmp.FDiv","tmp.FDis","tmp.RaoQ"
"5439",4.28642558692535,0.478487136912636,0.839999970108287,2.37026231568959,6
