"i","tmp.FRic","tmp.FEve","tmp.FDiv","tmp.FDis","tmp.RaoQ"
"5440",2.75112541692792,0.420752342337271,0.799161418928927,2.27615286360821,6
