"i","tmp.FRic","tmp.FEve","tmp.FDiv","tmp.FDis","tmp.RaoQ"
"5441",7.90245916603951,0.578905532612778,0.817047230651334,2.32539596124098,6
