"i","tmp.FRic","tmp.FEve","tmp.FDiv","tmp.FDis","tmp.RaoQ"
"5442",1.37504150303199,0.744599535478662,0.871882542171796,2.37825110550747,5.83333333333333
