"i","tmp.FRic","tmp.FEve","tmp.FDiv","tmp.FDis","tmp.RaoQ"
"5443",9.2092544557296,0.858884311552079,0.941053503987668,2.46426433703695,6.125
