"i","tmp.FRic","tmp.FEve","tmp.FDiv","tmp.FDis","tmp.RaoQ"
"5446",12.328320233923,0.780716956566954,0.880956737627953,2.43745130809263,6.22222222222222
