"i","tmp.FRic","tmp.FEve","tmp.FDiv","tmp.FDis","tmp.RaoQ"
"5448",12.5290213176186,0.702900332526593,0.798928446690558,2.3809572567997,6.46153846153846
