"i","tmp.FRic","tmp.FEve","tmp.FDiv","tmp.FDis","tmp.RaoQ"
"5449",12.3384246658373,0.649370399815749,0.762490918027572,2.32244916729192,6.46153846153846
