"i","tmp.FRic","tmp.FEve","tmp.FDiv","tmp.FDis","tmp.RaoQ"
"5450",14.2222809805028,0.649416378122723,0.775825080412589,2.34000060972662,6.5
