"i","tmp.FRic","tmp.FEve","tmp.FDiv","tmp.FDis","tmp.RaoQ"
"5452",20.2636215873754,0.690901760813212,0.770313606392053,2.35729954978328,6.5625
