"i","tmp.FRic","tmp.FEve","tmp.FDiv","tmp.FDis","tmp.RaoQ"
"5453",23.2568641315417,0.636715314322618,0.796798013024389,2.37717085802498,6.63157894736842
