"i","tmp.FRic","tmp.FEve","tmp.FDiv","tmp.FDis","tmp.RaoQ"
"5456",7.77398917616086,0.604649020723951,0.811369486558606,2.37526982898633,6.63157894736842
