"i","tmp.FRic","tmp.FEve","tmp.FDiv","tmp.FDis","tmp.RaoQ"
"5457",9.21370490924725,0.569738178881455,0.818835268718246,2.35779957374615,6.66666666666667
