"i","tmp.FRic","tmp.FEve","tmp.FDiv","tmp.FDis","tmp.RaoQ"
"5458",11.9950984259556,0.635197659071779,0.809288906982741,2.38556140537133,6.68181818181818
