"i","tmp.FRic","tmp.FEve","tmp.FDiv","tmp.FDis","tmp.RaoQ"
"5459",12.6463051002617,0.634654597769963,0.804789916679503,2.36107689349062,6.75862068965517
