"i","tmp.FRic","tmp.FEve","tmp.FDiv","tmp.FDis","tmp.RaoQ"
"5460",5.6073955302132,0.622925000072182,0.781043284769446,2.3212839590911,6.78787878787879
