"i","tmp.FRic","tmp.FEve","tmp.FDiv","tmp.FDis","tmp.RaoQ"
"5461",5.77713881766736,0.595958686238017,0.779417013765172,2.29957804425978,6.78787878787879
