"i","tmp.FRic","tmp.FEve","tmp.FDiv","tmp.FDis","tmp.RaoQ"
"5462",4.42670647379907,0.590810719497697,0.786652949831378,2.30467028485307,6.7741935483871
