"i","tmp.FRic","tmp.FEve","tmp.FDiv","tmp.FDis","tmp.RaoQ"
"5464",5.44013933298941,0.613292246002467,0.783824762072656,2.32642538957151,6.79411764705882
