"i","tmp.FRic","tmp.FEve","tmp.FDiv","tmp.FDis","tmp.RaoQ"
"5465",6.55296915683168,0.605781448273413,0.768108082022414,2.3133077035387,6.80555555555556
