"i","tmp.FRic","tmp.FEve","tmp.FDiv","tmp.FDis","tmp.RaoQ"
"5467",5.92483235654781,0.603794142429979,0.774571230821668,2.31191359441346,6.8
