"i","tmp.FRic","tmp.FEve","tmp.FDiv","tmp.FDis","tmp.RaoQ"
"5468",6.39588915690606,0.614112484509194,0.78189896027254,2.31959783398915,6.80555555555556
