"i","tmp.FRic","tmp.FEve","tmp.FDiv","tmp.FDis","tmp.RaoQ"
"5469",6.02790186819502,0.599419065298946,0.770578002140388,2.31279355543975,6.8
