"i","tmp.FRic","tmp.FEve","tmp.FDiv","tmp.FDis","tmp.RaoQ"
"5470",8.70544853770136,0.603098549059853,0.780145995264008,2.33750883292438,6.80555555555556
