"i","tmp.FRic","tmp.FEve","tmp.FDiv","tmp.FDis","tmp.RaoQ"
"5530",8.09457900322191,0.697663521521499,0.749098125967773,2.29559497975134,6.41666666666667
