"i","tmp.FRic","tmp.FEve","tmp.FDiv","tmp.FDis","tmp.RaoQ"
"5531",7.30391859487496,0.724940895974835,0.745107612062644,2.3010161982867,6.36363636363636
