"i","tmp.FRic","tmp.FEve","tmp.FDiv","tmp.FDis","tmp.RaoQ"
"5535",4.84793068817942,0.676295590237864,0.795725652357251,2.37333662172931,6.22222222222222
