"i","tmp.FRic","tmp.FEve","tmp.FDiv","tmp.FDis","tmp.RaoQ"
"5539",3.84001017937889,0.591622521860213,0.814694475989946,2.39806315446065,6.22222222222222
