"i","tmp.FRic","tmp.FEve","tmp.FDiv","tmp.FDis","tmp.RaoQ"
"5540",6.08671490261484,0.559152377993381,0.81389544007534,2.3939978823134,6.125
