"i","tmp.FRic","tmp.FEve","tmp.FDiv","tmp.FDis","tmp.RaoQ"
"5541",14.2798349576328,0.573059119939673,0.771723941613348,2.3085506255847,6.22222222222222
