"i","tmp.FRic","tmp.FEve","tmp.FDiv","tmp.FDis","tmp.RaoQ"
"5542",7.52811775132721,0.564405883127538,0.747240719587515,2.24421058773944,6
