"i","tmp.FRic","tmp.FEve","tmp.FDiv","tmp.FDis","tmp.RaoQ"
"5543",1.86916217927791,0.653526628824711,0.807976194982972,2.37247790699231,6.125
