"i","tmp.FRic","tmp.FEve","tmp.FDiv","tmp.FDis","tmp.RaoQ"
"5545",5.27635419544525,0.818574101632107,0.86600977353173,2.41531448617051,6.125
