"i","tmp.FRic","tmp.FEve","tmp.FDiv","tmp.FDis","tmp.RaoQ"
"5546",11.4650189759202,0.808549455733458,0.873935405421431,2.46247614512378,6.36363636363636
