"i","tmp.FRic","tmp.FEve","tmp.FDiv","tmp.FDis","tmp.RaoQ"
"5547",9.98674558983981,0.80859805773547,0.925859823760189,2.46682722251424,6.22222222222222
