"i","tmp.FRic","tmp.FEve","tmp.FDiv","tmp.FDis","tmp.RaoQ"
"5549",19.9769991322611,0.772084302881796,0.885802815813534,2.45109658721878,6.36363636363636
