"i","tmp.FRic","tmp.FEve","tmp.FDiv","tmp.FDis","tmp.RaoQ"
"5550",15.2712917487697,0.659739325330184,0.755793978113084,2.32304038907685,6.5
