"i","tmp.FRic","tmp.FEve","tmp.FDiv","tmp.FDis","tmp.RaoQ"
"5551",14.4845886083416,0.626711474511907,0.759768287956169,2.2963479752673,6.5
