"i","tmp.FRic","tmp.FEve","tmp.FDiv","tmp.FDis","tmp.RaoQ"
"5552",16.39898992393,0.630501814079229,NA,2.31967274468562,6.53333333333333
