"i","tmp.FRic","tmp.FEve","tmp.FDiv","tmp.FDis","tmp.RaoQ"
"5554",19.5618024237782,0.647777186887073,0.759382768340068,2.31730417971929,6.5625
