"i","tmp.FRic","tmp.FEve","tmp.FDiv","tmp.FDis","tmp.RaoQ"
"5555",16.7256900835733,0.652480413265884,0.792865659078955,2.37112876987087,6.5625
