"i","tmp.FRic","tmp.FEve","tmp.FDiv","tmp.FDis","tmp.RaoQ"
"5556",20.0167731731218,0.613793742876293,0.794345988198547,2.36312804197182,6.61111111111111
