"i","tmp.FRic","tmp.FEve","tmp.FDiv","tmp.FDis","tmp.RaoQ"
"5558",10.2688668481099,0.621770973578015,0.807278497352846,2.38145075701783,6.65
