"i","tmp.FRic","tmp.FEve","tmp.FDiv","tmp.FDis","tmp.RaoQ"
"5559",11.2002678394022,0.616764937508395,0.826230171670415,2.39238129923419,6.68181818181818
