"i","tmp.FRic","tmp.FEve","tmp.FDiv","tmp.FDis","tmp.RaoQ"
"5560",10.120887823094,0.613756539485902,0.822545016120137,2.4055372501434,6.72
