"i","tmp.FRic","tmp.FEve","tmp.FDiv","tmp.FDis","tmp.RaoQ"
"5561",13.1331465472248,0.660182283326676,0.822170971589582,2.3906425880498,6.76666666666667
