"i","tmp.FRic","tmp.FEve","tmp.FDiv","tmp.FDis","tmp.RaoQ"
"5562",6.62689214485586,0.599282206528172,0.770563164284289,2.28581993643624,6.76666666666667
