"i","tmp.FRic","tmp.FEve","tmp.FDiv","tmp.FDis","tmp.RaoQ"
"5563",5.37397000009626,0.604854136298572,0.775952287839397,2.30388745529018,6.78125
