"i","tmp.FRic","tmp.FEve","tmp.FDiv","tmp.FDis","tmp.RaoQ"
"5565",4.93891393589605,0.591822946157719,0.768383023223634,2.3085850765356,6.78125
