"i","tmp.FRic","tmp.FEve","tmp.FDiv","tmp.FDis","tmp.RaoQ"
"5570",6.12953939042065,0.613105093442317,0.77286489445314,2.31652764503194,6.8
