"i","tmp.FRic","tmp.FEve","tmp.FDiv","tmp.FDis","tmp.RaoQ"
"5572",6.02758926654791,0.600115990952743,0.769074120735152,2.31141889941675,6.8
