"i","tmp.FRic","tmp.FEve","tmp.FDiv","tmp.FDis","tmp.RaoQ"
"5573",6.56314052188818,0.60905695157855,0.76786425364429,2.30126232469691,6.80555555555556
