"i","tmp.FRic","tmp.FEve","tmp.FDiv","tmp.FDis","tmp.RaoQ"
"5633",7.15302920215616,0.710587624927836,0.769963092414178,2.30315309275288,6.3
