"i","tmp.FRic","tmp.FEve","tmp.FDiv","tmp.FDis","tmp.RaoQ"
"5634",5.99166938651802,0.723640985460287,0.781574489919027,2.32828533176375,6.22222222222222
