"i","tmp.FRic","tmp.FEve","tmp.FDiv","tmp.FDis","tmp.RaoQ"
"5636",4.07401200102057,0.733939616652582,0.727432216980991,2.20391836376934,6
