"i","tmp.FRic","tmp.FEve","tmp.FDiv","tmp.FDis","tmp.RaoQ"
"5640",5.13408370401843,0.621199054594543,0.843416036068667,2.37628231058842,6
