"i","tmp.FRic","tmp.FEve","tmp.FDiv","tmp.FDis","tmp.RaoQ"
"5641",3.70355931852994,0.568702599963887,0.82926541390501,2.30741452924479,5.83333333333333
