"i","tmp.FRic","tmp.FEve","tmp.FDiv","tmp.FDis","tmp.RaoQ"
"5642",12.7348093201925,0.643324254950944,0.772655271687883,2.30970373358992,6.125
