"i","tmp.FRic","tmp.FEve","tmp.FDiv","tmp.FDis","tmp.RaoQ"
"5643",14.1594470732835,0.706557702074671,0.778940995925207,2.34867021693399,6.22222222222222
