"i","tmp.FRic","tmp.FEve","tmp.FDiv","tmp.FDis","tmp.RaoQ"
"5644",4.52676452361846,0.696815071690195,0.757621835267535,2.33814061157764,6.22222222222222
