"i","tmp.FRic","tmp.FEve","tmp.FDiv","tmp.FDis","tmp.RaoQ"
"5647",2.47317301502521,0.811230222292406,0.867276702403437,2.39159675559434,6
