"i","tmp.FRic","tmp.FEve","tmp.FDiv","tmp.FDis","tmp.RaoQ"
"5649",9.51301255518784,0.813118362977259,0.877695889292324,2.44011607858492,6.3
