"i","tmp.FRic","tmp.FEve","tmp.FDiv","tmp.FDis","tmp.RaoQ"
"5650",13.8066435576732,0.745984723536518,0.87793604992829,2.43903841589004,6.3
