"i","tmp.FRic","tmp.FEve","tmp.FDiv","tmp.FDis","tmp.RaoQ"
"5651",22.2603655762269,0.734911707316598,0.877689488514871,2.44146068627101,6.41666666666667
