"i","tmp.FRic","tmp.FEve","tmp.FDiv","tmp.FDis","tmp.RaoQ"
"5657",18.9372429402888,0.639219526892045,0.786332927131582,2.35256765765296,6.58823529411765
