"i","tmp.FRic","tmp.FEve","tmp.FDiv","tmp.FDis","tmp.RaoQ"
"5658",19.4471179885608,0.650151750504707,0.812933306494605,2.38125206602338,6.61111111111111
