"i","tmp.FRic","tmp.FEve","tmp.FDiv","tmp.FDis","tmp.RaoQ"
"5659",17.4068775052334,0.661517857093036,0.820363300137264,2.39664020514221,6.58823529411765
