"i","tmp.FRic","tmp.FEve","tmp.FDiv","tmp.FDis","tmp.RaoQ"
"5660",11.18551492687,0.639810812334743,0.818013247799507,2.40449074627736,6.68181818181818
