"i","tmp.FRic","tmp.FEve","tmp.FDiv","tmp.FDis","tmp.RaoQ"
"5661",11.0440160090139,0.615114570957059,0.827995239377997,2.39435379397585,6.68181818181818
