"i","tmp.FRic","tmp.FEve","tmp.FDiv","tmp.FDis","tmp.RaoQ"
"5662",11.6446686697607,0.606261721194537,0.814728658881891,2.39252159267293,6.74074074074074
