"i","tmp.FRic","tmp.FEve","tmp.FDiv","tmp.FDis","tmp.RaoQ"
"5663",8.19640502350282,0.650017574773147,0.82161441987561,2.38760355676427,6.70833333333333
