"i","tmp.FRic","tmp.FEve","tmp.FDiv","tmp.FDis","tmp.RaoQ"
"5664",12.1298397192916,0.637509954884977,0.806187426843305,2.35843303082064,6.75
