"i","tmp.FRic","tmp.FEve","tmp.FDiv","tmp.FDis","tmp.RaoQ"
"5665",6.05637791659039,0.60231463811958,0.76553315575328,2.30257027709349,6.78125
