"i","tmp.FRic","tmp.FEve","tmp.FDiv","tmp.FDis","tmp.RaoQ"
"5666",5.24693977601819,0.572499881016595,0.789374231131823,2.28568720725317,6.78787878787879
