"i","tmp.FRic","tmp.FEve","tmp.FDiv","tmp.FDis","tmp.RaoQ"
"5667",4.77528307488079,0.582437318201763,0.789943192626037,2.30023031474236,6.78125
