"i","tmp.FRic","tmp.FEve","tmp.FDiv","tmp.FDis","tmp.RaoQ"
"5668",4.55907617234384,0.587013937711231,0.769545794162989,2.30686383785017,6.7741935483871
