"i","tmp.FRic","tmp.FEve","tmp.FDiv","tmp.FDis","tmp.RaoQ"
"5669",5.05762031045532,0.607530764280045,0.789973145827651,2.32488086564001,6.78787878787879
