"i","tmp.FRic","tmp.FEve","tmp.FDiv","tmp.FDis","tmp.RaoQ"
"5670",5.54476739803862,0.611183287387451,0.78033720784181,2.3157321826894,6.79411764705882
