"i","tmp.FRic","tmp.FEve","tmp.FDiv","tmp.FDis","tmp.RaoQ"
"5672",5.99097975732479,0.601395034786097,0.772175952356705,2.30270502102172,6.8
