"i","tmp.FRic","tmp.FEve","tmp.FDiv","tmp.FDis","tmp.RaoQ"
"5741",7.95179658991527,0.660162061407794,0.79592395920384,2.36021803005957,6.125
