"i","tmp.FRic","tmp.FEve","tmp.FDiv","tmp.FDis","tmp.RaoQ"
"5743",2.85097038341195,0.554747849966212,0.814642033964725,2.39104971934023,6.125
