"i","tmp.FRic","tmp.FEve","tmp.FDiv","tmp.FDis","tmp.RaoQ"
"5744",4.89162251521763,0.677213700778725,0.806294871328198,2.38654984274089,6.125
