"i","tmp.FRic","tmp.FEve","tmp.FDiv","tmp.FDis","tmp.RaoQ"
"5745",7.1095525793873,0.721366495322423,0.769338661388791,2.36880993722168,6.3
