"i","tmp.FRic","tmp.FEve","tmp.FDiv","tmp.FDis","tmp.RaoQ"
"5748",3.12194846107467,0.679180287346241,0.843948945145976,2.41250663937518,6.22222222222222
