"i","tmp.FRic","tmp.FEve","tmp.FDiv","tmp.FDis","tmp.RaoQ"
"5752",14.2133411266424,0.764526867297526,0.859471688595584,2.44646820753269,6.36363636363636
