"i","tmp.FRic","tmp.FEve","tmp.FDiv","tmp.FDis","tmp.RaoQ"
"5753",21.8128416110324,0.728964772364916,0.831569048076677,2.40047263918489,6.36363636363636
