"i","tmp.FRic","tmp.FEve","tmp.FDiv","tmp.FDis","tmp.RaoQ"
"5757",19.7265358906443,0.660371191834418,0.773428070491427,2.34022869003893,6.5625
