"i","tmp.FRic","tmp.FEve","tmp.FDiv","tmp.FDis","tmp.RaoQ"
"5758",22.9405130761426,0.674773834437332,0.767321420343462,2.33951680075962,6.58823529411765
