"i","tmp.FRic","tmp.FEve","tmp.FDiv","tmp.FDis","tmp.RaoQ"
"5761",9.74516686268576,0.661916304209223,0.785204052859098,2.36885385617627,6.63157894736842
