"i","tmp.FRic","tmp.FEve","tmp.FDiv","tmp.FDis","tmp.RaoQ"
"5762",8.33082187397247,0.675738903343693,0.827798190689406,2.41086104437497,6.63157894736842
