"i","tmp.FRic","tmp.FEve","tmp.FDiv","tmp.FDis","tmp.RaoQ"
"5763",8.13981651983198,0.661292614213486,0.833066844061363,2.41698132838649,6.63157894736842
