"i","tmp.FRic","tmp.FEve","tmp.FDiv","tmp.FDis","tmp.RaoQ"
"5764",9.54724148482618,0.617492916199837,0.835601220922,2.40764526141492,6.66666666666667
