"i","tmp.FRic","tmp.FEve","tmp.FDiv","tmp.FDis","tmp.RaoQ"
"5765",5.97315008834948,0.630049093287706,0.806254025406661,2.37917750714264,6.65
