"i","tmp.FRic","tmp.FEve","tmp.FDiv","tmp.FDis","tmp.RaoQ"
"5766",8.35411329522586,0.621739721230292,0.80884048470622,2.35861621342096,6.70833333333333
