"i","tmp.FRic","tmp.FEve","tmp.FDiv","tmp.FDis","tmp.RaoQ"
"5767",6.04313701624999,0.598796520438624,0.773549908720521,2.29094745193231,6.75862068965517
