"i","tmp.FRic","tmp.FEve","tmp.FDiv","tmp.FDis","tmp.RaoQ"
"5768",5.51669339491898,0.573562451548624,0.786169638428626,2.28806266595212,6.79411764705882
