"i","tmp.FRic","tmp.FEve","tmp.FDiv","tmp.FDis","tmp.RaoQ"
"5769",5.1953428644003,0.560161624377452,0.772071143783461,2.28688322630352,6.78787878787879
