"i","tmp.FRic","tmp.FEve","tmp.FDiv","tmp.FDis","tmp.RaoQ"
"5770",4.46686237982468,0.610169196408935,0.777161743712137,2.31014201431388,6.76666666666667
