"i","tmp.FRic","tmp.FEve","tmp.FDiv","tmp.FDis","tmp.RaoQ"
"5771",5.25809904122249,0.617742110602277,0.778894111209491,2.32952191308199,6.78787878787879
