"i","tmp.FRic","tmp.FEve","tmp.FDiv","tmp.FDis","tmp.RaoQ"
"5772",5.74345435970843,0.607191555172771,0.777741259194279,2.31429619698248,6.79411764705882
