"i","tmp.FRic","tmp.FEve","tmp.FDiv","tmp.FDis","tmp.RaoQ"
"5839",4.69910779750773,0.736358216575549,0.78650157866672,2.31368421005685,6.125
