"i","tmp.FRic","tmp.FEve","tmp.FDiv","tmp.FDis","tmp.RaoQ"
"5844",5.19165792541632,0.591917872544509,0.781925306627997,2.37585109319536,6.3
