"i","tmp.FRic","tmp.FEve","tmp.FDiv","tmp.FDis","tmp.RaoQ"
"5845",6.93547474184837,0.598864163453371,0.805450774863703,2.41572880366688,6.3
