"i","tmp.FRic","tmp.FEve","tmp.FDiv","tmp.FDis","tmp.RaoQ"
"5846",1.73837114182699,0.790707865502403,0.764037211959125,2.34105192074564,6.22222222222222
