"i","tmp.FRic","tmp.FEve","tmp.FDiv","tmp.FDis","tmp.RaoQ"
"5847",4.00632421597063,0.774892736140466,0.762355557769818,2.305357382354,6.125
