"i","tmp.FRic","tmp.FEve","tmp.FDiv","tmp.FDis","tmp.RaoQ"
"5850",2.79269093495599,0.742215350221595,0.839194521775447,2.38524065333246,6.125
