"i","tmp.FRic","tmp.FEve","tmp.FDiv","tmp.FDis","tmp.RaoQ"
"5852",4.4358762011482,0.817000044241209,0.855074680195137,2.41249578887202,6.125
