"i","tmp.FRic","tmp.FEve","tmp.FDiv","tmp.FDis","tmp.RaoQ"
"5853",7.58199986335942,0.843092990218965,0.844622892583079,2.4082233225559,6.125
