"i","tmp.FRic","tmp.FEve","tmp.FDiv","tmp.FDis","tmp.RaoQ"
"5854",8.72177945326279,0.753854027046548,0.822435192391112,2.41369880046948,6.22222222222222
