"i","tmp.FRic","tmp.FEve","tmp.FDiv","tmp.FDis","tmp.RaoQ"
"5855",15.648785743436,0.698309699971447,0.815928972428943,2.39709655282172,6.3
