"i","tmp.FRic","tmp.FEve","tmp.FDiv","tmp.FDis","tmp.RaoQ"
"5861",20.4193281914913,0.6481937530758,0.801428073120359,2.37799877646164,6.61111111111111
