"i","tmp.FRic","tmp.FEve","tmp.FDiv","tmp.FDis","tmp.RaoQ"
"5864",9.32622752868749,0.653087807772511,0.804109396034654,2.37470282085105,6.63157894736842
