"i","tmp.FRic","tmp.FEve","tmp.FDiv","tmp.FDis","tmp.RaoQ"
"5865",7.20173878228501,0.685755555744492,0.810412901059224,2.40298205574737,6.58823529411765
