"i","tmp.FRic","tmp.FEve","tmp.FDiv","tmp.FDis","tmp.RaoQ"
"5866",7.91197414414534,0.657618358391098,0.811785824998005,2.40428053145236,6.61111111111111
