"i","tmp.FRic","tmp.FEve","tmp.FDiv","tmp.FDis","tmp.RaoQ"
"5867",9.09907321804211,0.644191605576895,0.808253080782472,2.37106693360477,6.65
