"i","tmp.FRic","tmp.FEve","tmp.FDiv","tmp.FDis","tmp.RaoQ"
"5868",8.14750214022517,0.612765765711782,0.802556483947932,2.35813502770006,6.69565217391304
