"i","tmp.FRic","tmp.FEve","tmp.FDiv","tmp.FDis","tmp.RaoQ"
"5869",8.33176085727914,0.635512199317967,0.804801812730983,2.36743978922614,6.70833333333333
