"i","tmp.FRic","tmp.FEve","tmp.FDiv","tmp.FDis","tmp.RaoQ"
"5870",13.9343086562677,0.59751231527796,0.783305112287737,2.291670097183,6.75
