"i","tmp.FRic","tmp.FEve","tmp.FDiv","tmp.FDis","tmp.RaoQ"
"5871",5.18896700523985,0.61308637115864,0.774608278613612,2.30571099338831,6.78125
