"i","tmp.FRic","tmp.FEve","tmp.FDiv","tmp.FDis","tmp.RaoQ"
"5873",4.4503163009148,0.623722092088564,0.779758138418351,2.32207545608123,6.7741935483871
