"i","tmp.FRic","tmp.FEve","tmp.FDiv","tmp.FDis","tmp.RaoQ"
"5875",6.15915923700174,0.613390077799232,0.772877805980962,2.31652427911544,6.8
