"i","tmp.FRic","tmp.FEve","tmp.FDiv","tmp.FDis","tmp.RaoQ"
"5876",6.64150572726521,0.603760679035907,0.7656523517289,2.30411111263678,6.80555555555556
