"i","tmp.FRic","tmp.FEve","tmp.FDiv","tmp.FDis","tmp.RaoQ"
"5946",8.99568377883209,0.708339732034608,0.770314475656981,2.31231834845761,6.22222222222222
