"i","tmp.FRic","tmp.FEve","tmp.FDiv","tmp.FDis","tmp.RaoQ"
"5947",12.0422963931065,0.736208447968988,0.783901857944155,2.35296611170621,6.3
