"i","tmp.FRic","tmp.FEve","tmp.FDiv","tmp.FDis","tmp.RaoQ"
"5948",3.94374692583117,0.815466959056672,0.786644719697222,2.36673593099958,6.3
