"i","tmp.FRic","tmp.FEve","tmp.FDiv","tmp.FDis","tmp.RaoQ"
"5951",7.1377395536976,0.763632792808117,0.793709179212237,2.37091456229116,6.3
