"i","tmp.FRic","tmp.FEve","tmp.FDiv","tmp.FDis","tmp.RaoQ"
"5953",4.51811954918638,0.857106114273162,0.801607073068829,2.35283254236153,6.125
