"i","tmp.FRic","tmp.FEve","tmp.FDiv","tmp.FDis","tmp.RaoQ"
"5954",4.81275126421891,0.811890168796138,0.84428667807009,2.41131227555575,6.125
