"i","tmp.FRic","tmp.FEve","tmp.FDiv","tmp.FDis","tmp.RaoQ"
"5955",10.0592488663926,0.801385284845771,0.838904975634846,2.42716337456117,6.22222222222222
