"i","tmp.FRic","tmp.FEve","tmp.FDiv","tmp.FDis","tmp.RaoQ"
"5957",27.1333134678022,0.698890415260053,0.818724495553066,2.41189781957154,6.5
