"i","tmp.FRic","tmp.FEve","tmp.FDiv","tmp.FDis","tmp.RaoQ"
"5958",21.7979965033478,0.637695468760691,0.775039240426725,2.33948926690194,6.58823529411765
