"i","tmp.FRic","tmp.FEve","tmp.FDiv","tmp.FDis","tmp.RaoQ"
"5963",7.37540139304742,0.657438512764951,0.765254823226955,2.33074638997016,6.58823529411765
