"i","tmp.FRic","tmp.FEve","tmp.FDiv","tmp.FDis","tmp.RaoQ"
"5964",7.36911633676516,0.644021092786614,0.787800131687683,2.36272059999272,6.61111111111111
