"i","tmp.FRic","tmp.FEve","tmp.FDiv","tmp.FDis","tmp.RaoQ"
"5965",10.522769964995,0.639366573096568,0.788813863000661,2.36128783793904,6.65
