"i","tmp.FRic","tmp.FEve","tmp.FDiv","tmp.FDis","tmp.RaoQ"
"5966",8.21527992473528,0.670366129509564,0.806821187115899,2.38947391063862,6.61111111111111
