"i","tmp.FRic","tmp.FEve","tmp.FDiv","tmp.FDis","tmp.RaoQ"
"5967",7.22286770345162,0.687333088645121,0.810423678007656,2.40313405315372,6.58823529411765
