"i","tmp.FRic","tmp.FEve","tmp.FDiv","tmp.FDis","tmp.RaoQ"
"5968",8.91992798494655,0.679864882727191,0.794427547215844,2.38130431260308,6.61111111111111
