"i","tmp.FRic","tmp.FEve","tmp.FDiv","tmp.FDis","tmp.RaoQ"
"5969",19.9343034034488,0.64046046387762,0.798965435125541,2.34777591197096,6.58823529411765
