"i","tmp.FRic","tmp.FEve","tmp.FDiv","tmp.FDis","tmp.RaoQ"
"5970",12.9717042631335,0.638733370778853,0.821783249707115,2.38170730946871,6.61111111111111
