"i","tmp.FRic","tmp.FEve","tmp.FDiv","tmp.FDis","tmp.RaoQ"
"5971",15.123692805917,0.640488923482421,0.834069186514741,2.39007217019183,6.63157894736842
