"i","tmp.FRic","tmp.FEve","tmp.FDiv","tmp.FDis","tmp.RaoQ"
"5972",2.5256133942902,0.622891364090105,0.775731139264826,2.32473512103597,6.72
