"i","tmp.FRic","tmp.FEve","tmp.FDiv","tmp.FDis","tmp.RaoQ"
"5973",4.07553713923699,0.609786406419428,0.772506479649733,2.30124449315477,6.76666666666667
