"i","tmp.FRic","tmp.FEve","tmp.FDiv","tmp.FDis","tmp.RaoQ"
"5974",4.80050644512848,0.620663169634105,0.770694764294195,2.30863140120381,6.7741935483871
