"i","tmp.FRic","tmp.FEve","tmp.FDiv","tmp.FDis","tmp.RaoQ"
"5975",4.79387706946659,0.638958901897549,0.779870212005764,2.3197877038096,6.78125
