"i","tmp.FRic","tmp.FEve","tmp.FDiv","tmp.FDis","tmp.RaoQ"
"5976",5.45500121989531,0.617030217104816,0.784135400500505,2.31169196582321,6.78787878787879
