"i","tmp.FRic","tmp.FEve","tmp.FDiv","tmp.FDis","tmp.RaoQ"
"5978",8.84325235222409,0.612344621101354,0.804240429084543,2.34638004441457,6.81081081081081
