"i","tmp.FRic","tmp.FEve","tmp.FDiv","tmp.FDis","tmp.RaoQ"
"6042",5.61229138795586,0.692633841388494,0.780790420920141,2.29625204746912,6.22222222222222
