"i","tmp.FRic","tmp.FEve","tmp.FDiv","tmp.FDis","tmp.RaoQ"
"6048",5.36800663303245,0.676292870055507,0.718140098524334,2.2150683391741,6.125
