"i","tmp.FRic","tmp.FEve","tmp.FDiv","tmp.FDis","tmp.RaoQ"
"6049",3.97872905801734,0.732179016582377,0.735204384580285,2.30851616154784,6.3
