"i","tmp.FRic","tmp.FEve","tmp.FDiv","tmp.FDis","tmp.RaoQ"
"6050",1.70986212474519,0.80441527774906,0.775767004933056,2.32771563925478,6.22222222222222
