"i","tmp.FRic","tmp.FEve","tmp.FDiv","tmp.FDis","tmp.RaoQ"
"6052",5.3313373792534,0.769980885072858,NA,2.33738804764011,6.22222222222222
