"i","tmp.FRic","tmp.FEve","tmp.FDiv","tmp.FDis","tmp.RaoQ"
"6055",2.87524058839604,0.882162185247162,0.825336676867804,2.37455258743383,6
