"i","tmp.FRic","tmp.FEve","tmp.FDiv","tmp.FDis","tmp.RaoQ"
"6056",5.83172338806565,0.823152739927673,0.796497135228031,2.37595159433289,6.22222222222222
