"i","tmp.FRic","tmp.FEve","tmp.FDiv","tmp.FDis","tmp.RaoQ"
"6057",6.11355738713044,0.81154942609776,0.800574700610231,2.41124900227411,6.41666666666667
