"i","tmp.FRic","tmp.FEve","tmp.FDiv","tmp.FDis","tmp.RaoQ"
"6058",13.9175155698843,0.706956060852495,0.829164321202871,2.40892609194971,6.36363636363636
