"i","tmp.FRic","tmp.FEve","tmp.FDiv","tmp.FDis","tmp.RaoQ"
"6059",28.8988472402627,0.66837307589752,0.823728713353726,2.40425206129718,6.53333333333333
