"i","tmp.FRic","tmp.FEve","tmp.FDiv","tmp.FDis","tmp.RaoQ"
"6060",29.7580943982139,0.665513631671614,0.821838744340887,2.3932115527165,6.53333333333333
