"i","tmp.FRic","tmp.FEve","tmp.FDiv","tmp.FDis","tmp.RaoQ"
"6062",10.8935007296167,0.603667217138123,0.75278996807913,2.28390035875675,6.5
