"i","tmp.FRic","tmp.FEve","tmp.FDiv","tmp.FDis","tmp.RaoQ"
"6064",7.43310495860078,0.651497757338105,0.755662483249263,2.31284587459568,6.58823529411765
