"i","tmp.FRic","tmp.FEve","tmp.FDiv","tmp.FDis","tmp.RaoQ"
"6066",9.28990290818635,0.665626867807414,0.765408426280808,2.33902387244116,6.61111111111111
