"i","tmp.FRic","tmp.FEve","tmp.FDiv","tmp.FDis","tmp.RaoQ"
"6067",8.12796807411859,0.681087787947756,0.778243381148116,2.35294815525846,6.58823529411765
