"i","tmp.FRic","tmp.FEve","tmp.FDiv","tmp.FDis","tmp.RaoQ"
"6068",5.47716697832991,0.698949188639103,0.785112163330038,2.36144052925328,6.53333333333333
