"i","tmp.FRic","tmp.FEve","tmp.FDiv","tmp.FDis","tmp.RaoQ"
"6069",6.34554666687328,0.714619150605352,0.805307867537053,2.39399313852434,6.5625
