"i","tmp.FRic","tmp.FEve","tmp.FDiv","tmp.FDis","tmp.RaoQ"
"6070",7.96181479554866,0.68153757095,0.810359190578813,2.39695918488572,6.61111111111111
