"i","tmp.FRic","tmp.FEve","tmp.FDiv","tmp.FDis","tmp.RaoQ"
"6071",7.29936563850316,0.662846960139191,0.802978042133123,2.37750998308482,6.61111111111111
