"i","tmp.FRic","tmp.FEve","tmp.FDiv","tmp.FDis","tmp.RaoQ"
"6072",18.4017364032804,0.624630037670995,0.816149811235018,2.34955596985609,6.58823529411765
