"i","tmp.FRic","tmp.FEve","tmp.FDiv","tmp.FDis","tmp.RaoQ"
"6073",6.92941751171902,0.645197725470489,0.816941763890045,2.39033527269145,6.66666666666667
