"i","tmp.FRic","tmp.FEve","tmp.FDiv","tmp.FDis","tmp.RaoQ"
"6074",2.91446425053421,0.606293017707604,0.773568688264375,2.30377069763698,6.73076923076923
