"i","tmp.FRic","tmp.FEve","tmp.FDiv","tmp.FDis","tmp.RaoQ"
"6075",3.42327025279941,0.578038652173788,0.773251402238028,2.26863252448285,6.75
