"i","tmp.FRic","tmp.FEve","tmp.FDiv","tmp.FDis","tmp.RaoQ"
"6076",3.60281580964255,0.606981306419176,0.785568355521942,2.29372825247417,6.7741935483871
