"i","tmp.FRic","tmp.FEve","tmp.FDiv","tmp.FDis","tmp.RaoQ"
"6077",3.88278755516043,0.630599485911876,0.782762412209629,2.3160651394554,6.7741935483871
