"i","tmp.FRic","tmp.FEve","tmp.FDiv","tmp.FDis","tmp.RaoQ"
"6078",4.20680080571365,0.620128819427185,0.777470885442436,2.32106389377321,6.7741935483871
