"i","tmp.FRic","tmp.FEve","tmp.FDiv","tmp.FDis","tmp.RaoQ"
"6079",5.16963043669848,0.614370009567525,0.782367401436247,2.31135812671309,6.78787878787879
