"i","tmp.FRic","tmp.FEve","tmp.FDiv","tmp.FDis","tmp.RaoQ"
"6080",4.95704783018088,0.600754983803641,0.799656019028448,2.31699965131918,6.79411764705882
