"i","tmp.FRic","tmp.FEve","tmp.FDiv","tmp.FDis","tmp.RaoQ"
"6146",5.11842444657231,0.661625876752651,0.722236439937685,2.18779422771831,6.125
