"i","tmp.FRic","tmp.FEve","tmp.FDiv","tmp.FDis","tmp.RaoQ"
"6150",7.9333958375822,0.710984846945632,0.745176252878253,2.28883581406239,6.22222222222222
