"i","tmp.FRic","tmp.FEve","tmp.FDiv","tmp.FDis","tmp.RaoQ"
"6151",9.18105010467478,0.71228869155028,0.730826767549921,2.27827782046886,6.46153846153846
