"i","tmp.FRic","tmp.FEve","tmp.FDiv","tmp.FDis","tmp.RaoQ"
"6156",2.64585223562496,0.849606197901613,0.821399404280702,2.3728893913028,6
