"i","tmp.FRic","tmp.FEve","tmp.FDiv","tmp.FDis","tmp.RaoQ"
"6157",6.51567094984659,0.863618901009,0.803593051219174,2.3894919933431,6.22222222222222
