"i","tmp.FRic","tmp.FEve","tmp.FDiv","tmp.FDis","tmp.RaoQ"
"6158",8.07500239876236,0.820775970737673,0.793258138851672,2.39093119870054,6.3
