"i","tmp.FRic","tmp.FEve","tmp.FDiv","tmp.FDis","tmp.RaoQ"
"6159",12.1091340713622,0.731579847485556,0.807282875163114,2.4451152964666,6.61111111111111
