"i","tmp.FRic","tmp.FEve","tmp.FDiv","tmp.FDis","tmp.RaoQ"
"6160",15.2231532444954,0.722893034344104,0.830075191028366,2.4524717932341,6.61111111111111
