"i","tmp.FRic","tmp.FEve","tmp.FDiv","tmp.FDis","tmp.RaoQ"
"6161",14.1240455991388,0.668736517772345,0.818467941148681,2.40829519509666,6.5625
