"i","tmp.FRic","tmp.FEve","tmp.FDiv","tmp.FDis","tmp.RaoQ"
"6162",12.4629447084959,0.647962170139577,0.798756802323159,2.39052378141672,6.53333333333333
