"i","tmp.FRic","tmp.FEve","tmp.FDiv","tmp.FDis","tmp.RaoQ"
"6163",14.0019106131935,0.644391030568961,0.815600777082838,2.40839038388134,6.53333333333333
