"i","tmp.FRic","tmp.FEve","tmp.FDiv","tmp.FDis","tmp.RaoQ"
"6164",4.21051080873494,0.617256364664573,0.756556853258026,2.30226095701594,6.53333333333333
