"i","tmp.FRic","tmp.FEve","tmp.FDiv","tmp.FDis","tmp.RaoQ"
"6168",10.5118182240416,0.668425831667317,0.775559124913545,2.33870136339725,6.63157894736842
