"i","tmp.FRic","tmp.FEve","tmp.FDiv","tmp.FDis","tmp.RaoQ"
"6169",10.5986979449488,0.701398038924979,0.791474114894993,2.38053648977441,6.63157894736842
