"i","tmp.FRic","tmp.FEve","tmp.FDiv","tmp.FDis","tmp.RaoQ"
"6170",7.94700557633428,0.72091256902507,0.815972836075543,2.41167355378589,6.61111111111111
