"i","tmp.FRic","tmp.FEve","tmp.FDiv","tmp.FDis","tmp.RaoQ"
"6171",8.64222920275412,0.697948591893211,0.819104281325056,2.40554559357851,6.63157894736842
