"i","tmp.FRic","tmp.FEve","tmp.FDiv","tmp.FDis","tmp.RaoQ"
"6172",4.94295558892301,0.675640661103603,0.830889543925094,2.41550986150929,6.5625
