"i","tmp.FRic","tmp.FEve","tmp.FDiv","tmp.FDis","tmp.RaoQ"
"6173",4.11819255261944,0.679136166768191,0.844843477320943,2.42205190057846,6.53333333333333
