"i","tmp.FRic","tmp.FEve","tmp.FDiv","tmp.FDis","tmp.RaoQ"
"6174",6.00325971395774,0.640029314956537,0.819979654760334,2.36783790964233,6.58823529411765
