"i","tmp.FRic","tmp.FEve","tmp.FDiv","tmp.FDis","tmp.RaoQ"
"6175",6.52412597527819,0.657712313149272,0.802609836722301,2.39476025496238,6.65
