"i","tmp.FRic","tmp.FEve","tmp.FDiv","tmp.FDis","tmp.RaoQ"
"6176",3.47014234555147,0.632069212587459,0.780125763898479,2.34099302594454,6.73076923076923
