"i","tmp.FRic","tmp.FEve","tmp.FDiv","tmp.FDis","tmp.RaoQ"
"6177",4.21008172678061,0.601105880657772,0.780436315040543,2.30894260388197,6.75
