"i","tmp.FRic","tmp.FEve","tmp.FDiv","tmp.FDis","tmp.RaoQ"
"6178",3.41688162593145,0.618887521372732,0.79508960916762,2.3638907066152,6.7741935483871
