"i","tmp.FRic","tmp.FEve","tmp.FDiv","tmp.FDis","tmp.RaoQ"
"6179",3.55709488410934,0.615013816671479,0.797089634243514,2.35556734533047,6.78125
