"i","tmp.FRic","tmp.FEve","tmp.FDiv","tmp.FDis","tmp.RaoQ"
"6180",3.57508915843861,0.639054439718498,0.794595560081556,2.37112371785863,6.8
