"i","tmp.FRic","tmp.FEve","tmp.FDiv","tmp.FDis","tmp.RaoQ"
"6181",3.95451089101149,0.602787797126254,0.791994422918324,2.34309705777615,6.80555555555556
