"i","tmp.FRic","tmp.FEve","tmp.FDiv","tmp.FDis","tmp.RaoQ"
"6250",6.91459483292923,0.661813679662919,0.753314231789957,2.28493794706026,6.3
