"i","tmp.FRic","tmp.FEve","tmp.FDiv","tmp.FDis","tmp.RaoQ"
"6251",5.77840200101326,0.704517909723413,0.766050188114552,2.31293295149168,6.22222222222222
