"i","tmp.FRic","tmp.FEve","tmp.FDiv","tmp.FDis","tmp.RaoQ"
"6252",2.09663951201521,0.747835955893349,0.735346140775124,2.24695657104899,6.125
