"i","tmp.FRic","tmp.FEve","tmp.FDiv","tmp.FDis","tmp.RaoQ"
"6253",8.54226786624793,0.711497069163373,0.723636018342485,2.27077050802504,6.22222222222222
