"i","tmp.FRic","tmp.FEve","tmp.FDiv","tmp.FDis","tmp.RaoQ"
"6254",3.5261729385418,0.762675744760323,0.746513959165935,2.27439704882464,6
