"i","tmp.FRic","tmp.FEve","tmp.FDiv","tmp.FDis","tmp.RaoQ"
"6255",4.85965388529457,0.766183659081021,0.779653576657236,2.33627529879399,6.125
