"i","tmp.FRic","tmp.FEve","tmp.FDiv","tmp.FDis","tmp.RaoQ"
"6256",6.75406722281514,0.727188461968588,0.757313467338386,2.31141047453205,6.3
