"i","tmp.FRic","tmp.FEve","tmp.FDiv","tmp.FDis","tmp.RaoQ"
"6257",9.85817608537609,0.727234274769169,0.759163343857531,2.31657142455224,6.36363636363636
