"i","tmp.FRic","tmp.FEve","tmp.FDiv","tmp.FDis","tmp.RaoQ"
"6258",5.13255272545764,0.830573575173333,0.763505375266535,2.32525792704286,6.125
