"i","tmp.FRic","tmp.FEve","tmp.FDiv","tmp.FDis","tmp.RaoQ"
"6259",11.0849698801233,0.806638187608871,0.800429978530579,2.40455797147182,6.36363636363637
