"i","tmp.FRic","tmp.FEve","tmp.FDiv","tmp.FDis","tmp.RaoQ"
"6260",4.95739730026947,0.819911694543027,0.808509554244243,2.41805735858449,6.41666666666667
