"i","tmp.FRic","tmp.FEve","tmp.FDiv","tmp.FDis","tmp.RaoQ"
"6261",10.3867061776971,0.728320490758574,0.802382756603486,2.43599358133788,6.58823529411765
