"i","tmp.FRic","tmp.FEve","tmp.FDiv","tmp.FDis","tmp.RaoQ"
"6262",15.6051291746049,0.726000631947921,0.831514505865595,2.47129451016244,6.63157894736842
