"i","tmp.FRic","tmp.FEve","tmp.FDiv","tmp.FDis","tmp.RaoQ"
"6263",13.2571322784925,0.671305479948068,0.777173602663672,2.38938316971295,6.53333333333333
