"i","tmp.FRic","tmp.FEve","tmp.FDiv","tmp.FDis","tmp.RaoQ"
"6265",11.3271657997922,0.629832554108932,0.798980868833444,2.38763511221846,6.5
