"i","tmp.FRic","tmp.FEve","tmp.FDiv","tmp.FDis","tmp.RaoQ"
"6273",7.1090900802092,0.680242294645113,0.8157849930289,2.38794030466465,6.61111111111111
