"i","tmp.FRic","tmp.FEve","tmp.FDiv","tmp.FDis","tmp.RaoQ"
"6274",5.85895222640529,0.66848807278879,0.816552061352838,2.37997352694335,6.58823529411765
