"i","tmp.FRic","tmp.FEve","tmp.FDiv","tmp.FDis","tmp.RaoQ"
"6275",3.4717873954208,0.688609372526111,0.852129777566259,2.41723153827193,6.5
