"i","tmp.FRic","tmp.FEve","tmp.FDiv","tmp.FDis","tmp.RaoQ"
"6276",7.02905679010322,0.634143539676442,0.816482262714195,2.38506048803702,6.61111111111111
