"i","tmp.FRic","tmp.FEve","tmp.FDiv","tmp.FDis","tmp.RaoQ"
"6277",6.31470195775976,0.654616641221134,0.783925478670692,2.38410284758006,6.65
