"i","tmp.FRic","tmp.FEve","tmp.FDiv","tmp.FDis","tmp.RaoQ"
"6278",2.47012658778821,0.654788799836106,0.783936960649834,2.37564612540329,6.69565217391304
