"i","tmp.FRic","tmp.FEve","tmp.FDiv","tmp.FDis","tmp.RaoQ"
"6279",2.73215801912749,0.574810451723649,0.795921660189982,2.33880797334503,6.74074074074074
