"i","tmp.FRic","tmp.FEve","tmp.FDiv","tmp.FDis","tmp.RaoQ"
"6280",3.70143362346088,0.606476439633416,0.794899616244811,2.34984170890557,6.78125
