"i","tmp.FRic","tmp.FEve","tmp.FDiv","tmp.FDis","tmp.RaoQ"
"6281",3.73285486762102,0.609196805305167,0.794129305765244,2.3548269781707,6.8
