"i","tmp.FRic","tmp.FEve","tmp.FDiv","tmp.FDis","tmp.RaoQ"
"6282",3.74556966629782,0.632014714265631,0.791741739482325,2.36526335460746,6.8
