"i","tmp.FRic","tmp.FEve","tmp.FDiv","tmp.FDis","tmp.RaoQ"
"635",5.29527065630463,0.755143162870049,0.866668881663658,2.42716601158029,6.125
