"i","tmp.FRic","tmp.FEve","tmp.FDiv","tmp.FDis","tmp.RaoQ"
"6351",6.86504128502231,0.721110950003094,0.812059485086885,2.37489009440922,6.3
