"i","tmp.FRic","tmp.FEve","tmp.FDiv","tmp.FDis","tmp.RaoQ"
"6352",9.2089134988888,0.672053286058937,0.828424302870011,2.27500605894901,6.125
