"i","tmp.FRic","tmp.FEve","tmp.FDiv","tmp.FDis","tmp.RaoQ"
"6355",10.0123921804191,0.688809595791832,0.745371438859602,2.2467600281768,6.22222222222222
