"i","tmp.FRic","tmp.FEve","tmp.FDiv","tmp.FDis","tmp.RaoQ"
"6356",9.45148674473,0.723716008349802,0.7344882217056,2.30721408328133,6.22222222222222
