"i","tmp.FRic","tmp.FEve","tmp.FDiv","tmp.FDis","tmp.RaoQ"
"6357",11.7587546671727,0.744966351253504,0.766059041447429,2.35735606465556,6.3
