"i","tmp.FRic","tmp.FEve","tmp.FDiv","tmp.FDis","tmp.RaoQ"
"6358",13.8931301512488,0.7501656989206,0.771080491933442,2.34717061838112,6.41666666666667
