"i","tmp.FRic","tmp.FEve","tmp.FDiv","tmp.FDis","tmp.RaoQ"
"6359",11.8026404114451,0.783371411276525,0.788327652046147,2.37970253307684,6.36363636363636
