"i","tmp.FRic","tmp.FEve","tmp.FDiv","tmp.FDis","tmp.RaoQ"
"636",3.81094505772591,0.685885415903235,0.817604537526014,2.39851645674662,6.22222222222222
