"i","tmp.FRic","tmp.FEve","tmp.FDiv","tmp.FDis","tmp.RaoQ"
"6360",8.1520776755559,0.828791532116869,0.766681427301624,2.35155649240257,6.22222222222222
