"i","tmp.FRic","tmp.FEve","tmp.FDiv","tmp.FDis","tmp.RaoQ"
"6361",8.79918080758375,0.793827961139618,0.779316015880826,2.3678412676241,6.3
