"i","tmp.FRic","tmp.FEve","tmp.FDiv","tmp.FDis","tmp.RaoQ"
"6362",5.92524637229808,0.77496027953938,0.789687338389616,2.39586718820106,6.46153846153846
