"i","tmp.FRic","tmp.FEve","tmp.FDiv","tmp.FDis","tmp.RaoQ"
"6363",9.01468612202589,0.705899171688087,0.815418005620347,2.42552801400355,6.5
