"i","tmp.FRic","tmp.FEve","tmp.FDiv","tmp.FDis","tmp.RaoQ"
"6365",15.1373949253308,0.69317812959457,0.78545420632736,2.40979542792848,6.5625
