"i","tmp.FRic","tmp.FEve","tmp.FDiv","tmp.FDis","tmp.RaoQ"
"637",21.912513492536,0.684369837936595,0.837142862573348,2.50177115836858,6.53333333333333
