"i","tmp.FRic","tmp.FEve","tmp.FDiv","tmp.FDis","tmp.RaoQ"
"6371",6.38488499575176,0.675595651456178,0.782359009436234,2.34579332844469,6.5625
