"i","tmp.FRic","tmp.FEve","tmp.FDiv","tmp.FDis","tmp.RaoQ"
"6372",9.22268439806939,0.668130320737227,0.813519946708974,2.37932931425867,6.65
