"i","tmp.FRic","tmp.FEve","tmp.FDiv","tmp.FDis","tmp.RaoQ"
"6373",9.54197528466961,0.686804553490051,0.817605766671783,2.39517608685424,6.65
