"i","tmp.FRic","tmp.FEve","tmp.FDiv","tmp.FDis","tmp.RaoQ"
"6374",7.47700176709618,0.699858147194875,0.817567176501573,2.37932950503667,6.61111111111111
