"i","tmp.FRic","tmp.FEve","tmp.FDiv","tmp.FDis","tmp.RaoQ"
"6375",6.51358451392409,0.700375014884633,0.816604976084629,2.37873622277079,6.58823529411765
