"i","tmp.FRic","tmp.FEve","tmp.FDiv","tmp.FDis","tmp.RaoQ"
"6376",7.14167082499366,0.670919099699095,0.818594575662867,2.37115434559564,6.61111111111111
