"i","tmp.FRic","tmp.FEve","tmp.FDiv","tmp.FDis","tmp.RaoQ"
"6377",6.80642996839473,0.635037647158076,0.795843681586816,2.37608121132711,6.61111111111111
