"i","tmp.FRic","tmp.FEve","tmp.FDiv","tmp.FDis","tmp.RaoQ"
"6378",7.71973426866612,0.612149354970957,0.813550202743311,2.3826451582514,6.63157894736842
