"i","tmp.FRic","tmp.FEve","tmp.FDiv","tmp.FDis","tmp.RaoQ"
"6379",2.63642755005014,0.60127235425324,0.768804968716141,2.345720335133,6.68181818181818
