"i","tmp.FRic","tmp.FEve","tmp.FDiv","tmp.FDis","tmp.RaoQ"
"6380",2.55683837006002,0.62906230510197,0.783195074565281,2.35602032816699,6.66666666666667
