"i","tmp.FRic","tmp.FEve","tmp.FDiv","tmp.FDis","tmp.RaoQ"
"6381",2.62981713733181,0.581365326118159,0.79371006533885,2.36435237934262,6.75862068965517
