"i","tmp.FRic","tmp.FEve","tmp.FDiv","tmp.FDis","tmp.RaoQ"
"6382",3.47665067855632,0.600566933593715,0.796263313790663,2.35305291804916,6.79411764705883
