"i","tmp.FRic","tmp.FEve","tmp.FDiv","tmp.FDis","tmp.RaoQ"
"6383",6.18106854367066,0.63206842826128,0.795380558314985,2.37747964356957,6.81578947368421
