"i","tmp.FRic","tmp.FEve","tmp.FDiv","tmp.FDis","tmp.RaoQ"
"6384",22.4987206652298,0.637153272826247,0.813265254272623,2.38143471184052,6.81578947368421
