"i","tmp.FRic","tmp.FEve","tmp.FDiv","tmp.FDis","tmp.RaoQ"
"6385",8.50784636134342,0.644499284812188,0.808358303357074,2.39177428798793,6.83333333333333
