"i","tmp.FRic","tmp.FEve","tmp.FDiv","tmp.FDis","tmp.RaoQ"
"641",10.918975752294,0.716237618798803,0.822379869508587,2.44275443514126,6.36363636363636
