"i","tmp.FRic","tmp.FEve","tmp.FDiv","tmp.FDis","tmp.RaoQ"
"643",4.8699797888173,0.709529372219523,0.812949751435047,2.36941268977952,6
