"i","tmp.FRic","tmp.FEve","tmp.FDiv","tmp.FDis","tmp.RaoQ"
"645",5.3973803217129,0.715495598734055,0.785747399177916,2.33906571869941,6.125
