"i","tmp.FRic","tmp.FEve","tmp.FDiv","tmp.FDis","tmp.RaoQ"
"6455",4.96310270324849,0.624810242612366,0.702038246382899,2.14023928118907,6.125
