"i","tmp.FRic","tmp.FEve","tmp.FDiv","tmp.FDis","tmp.RaoQ"
"6460",6.49579113926834,0.754515765020096,0.765404818764698,2.35484298997552,6.46153846153846
