"i","tmp.FRic","tmp.FEve","tmp.FDiv","tmp.FDis","tmp.RaoQ"
"6461",7.52207959541469,0.739130718874021,0.759488263530308,2.34385343140889,6.5
