"i","tmp.FRic","tmp.FEve","tmp.FDiv","tmp.FDis","tmp.RaoQ"
"6462",4.50672362443722,0.784356013775545,0.766895113923013,2.34611322266365,6.36363636363636
