"i","tmp.FRic","tmp.FEve","tmp.FDiv","tmp.FDis","tmp.RaoQ"
"6463",10.492945567886,0.755761958720192,0.762584369656067,2.34500421244324,6.36363636363636
