"i","tmp.FRic","tmp.FEve","tmp.FDiv","tmp.FDis","tmp.RaoQ"
"6464",5.54860126351503,0.760201007661174,0.773021706377236,2.37091751281379,6.41666666666667
