"i","tmp.FRic","tmp.FEve","tmp.FDiv","tmp.FDis","tmp.RaoQ"
"6465",7.15393674891769,0.685962496450642,0.799693893042629,2.40826631957263,6.46153846153846
