"i","tmp.FRic","tmp.FEve","tmp.FDiv","tmp.FDis","tmp.RaoQ"
"6466",10.3021877426219,0.689798261872413,0.785954063366942,2.39309934273282,6.5
