"i","tmp.FRic","tmp.FEve","tmp.FDiv","tmp.FDis","tmp.RaoQ"
"6468",11.1322606279112,0.690719412179458,0.809414177249152,2.41063385879062,6.46153846153846
