"i","tmp.FRic","tmp.FEve","tmp.FDiv","tmp.FDis","tmp.RaoQ"
"6472",5.43363635551775,0.638829585160922,0.750674787914191,2.30156725105128,6.5625
