"i","tmp.FRic","tmp.FEve","tmp.FDiv","tmp.FDis","tmp.RaoQ"
"6473",7.25865279640591,0.662013675591948,0.783046754250282,2.33196548799615,6.58823529411765
