"i","tmp.FRic","tmp.FEve","tmp.FDiv","tmp.FDis","tmp.RaoQ"
"6475",7.52604435303573,0.699336875243268,0.817149636977454,2.3868254091306,6.61111111111111
