"i","tmp.FRic","tmp.FEve","tmp.FDiv","tmp.FDis","tmp.RaoQ"
"6478",5.97925359822716,0.648699844375196,0.821400619594738,2.36056621788527,6.58823529411765
