"i","tmp.FRic","tmp.FEve","tmp.FDiv","tmp.FDis","tmp.RaoQ"
"6479",8.79107263945466,0.614601288287056,0.789160595206758,2.36420294692476,6.65
