"i","tmp.FRic","tmp.FEve","tmp.FDiv","tmp.FDis","tmp.RaoQ"
"6480",9.82357084696881,0.596970940472869,0.797861413112616,2.34728595280329,6.66666666666667
