"i","tmp.FRic","tmp.FEve","tmp.FDiv","tmp.FDis","tmp.RaoQ"
"6481",4.45209302283649,0.613755841572411,0.773081186960982,2.33353934250078,6.68181818181818
