"i","tmp.FRic","tmp.FEve","tmp.FDiv","tmp.FDis","tmp.RaoQ"
"6482",3.76039809762121,0.584544630532911,0.784363452701006,2.33479248803524,6.73076923076923
