"i","tmp.FRic","tmp.FEve","tmp.FDiv","tmp.FDis","tmp.RaoQ"
"6483",3.7443695836647,0.607288793396164,0.78183055032466,2.35081879203812,6.78787878787879
