"i","tmp.FRic","tmp.FEve","tmp.FDiv","tmp.FDis","tmp.RaoQ"
"6484",7.25023745083837,0.619696654813353,0.792453411034332,2.37025749721738,6.82051282051282
