"i","tmp.FRic","tmp.FEve","tmp.FDiv","tmp.FDis","tmp.RaoQ"
"6485",5.91962817239241,0.625674265327103,0.810574533284827,2.39280007632513,6.82051282051282
