"i","tmp.FRic","tmp.FEve","tmp.FDiv","tmp.FDis","tmp.RaoQ"
"6486",7.15561609002553,0.619651659253677,0.809086865447979,2.37319076790569,6.825
