"i","tmp.FRic","tmp.FEve","tmp.FDiv","tmp.FDis","tmp.RaoQ"
"6487",8.70745990080969,0.619096570888767,0.801834685165905,2.38475614697416,6.83720930232558
