"i","tmp.FRic","tmp.FEve","tmp.FDiv","tmp.FDis","tmp.RaoQ"
"6554",3.31507531190105,0.688539785374815,0.808277682430708,2.31982441181628,6.125
