"i","tmp.FRic","tmp.FEve","tmp.FDiv","tmp.FDis","tmp.RaoQ"
"6556",2.6938416025003,0.653514012078331,0.698741347573399,2.14907752928164,6
