"i","tmp.FRic","tmp.FEve","tmp.FDiv","tmp.FDis","tmp.RaoQ"
"6557",6.27066901229808,0.633356026731139,0.686908605142511,2.15004512347668,6.22222222222222
