"i","tmp.FRic","tmp.FEve","tmp.FDiv","tmp.FDis","tmp.RaoQ"
"6558",12.4030374588582,0.68928711444655,0.731233987847145,2.24797314451695,6.3
