"i","tmp.FRic","tmp.FEve","tmp.FDiv","tmp.FDis","tmp.RaoQ"
"6560",10.0879424172392,0.719430644953495,0.762615331597385,2.33963839065995,6.3
