"i","tmp.FRic","tmp.FEve","tmp.FDiv","tmp.FDis","tmp.RaoQ"
"6561",14.1583952934611,0.743273010730064,0.76195980915141,2.3598997058609,6.36363636363636
