"i","tmp.FRic","tmp.FEve","tmp.FDiv","tmp.FDis","tmp.RaoQ"
"6562",5.3119680065192,0.78916934928107,0.791381103797495,2.38217105219268,6.41666666666667
