"i","tmp.FRic","tmp.FEve","tmp.FDiv","tmp.FDis","tmp.RaoQ"
"6563",4.68090714485809,0.777797069573875,0.74690467482633,2.3209894642479,6.36363636363636
