"i","tmp.FRic","tmp.FEve","tmp.FDiv","tmp.FDis","tmp.RaoQ"
"6564",6.21553358360792,0.803686997849047,0.781650273462065,2.36981003657563,6.41666666666667
