"i","tmp.FRic","tmp.FEve","tmp.FDiv","tmp.FDis","tmp.RaoQ"
"6568",7.88332374161455,0.659594072690439,0.793190701227648,2.39354676839773,6.46153846153846
