"i","tmp.FRic","tmp.FEve","tmp.FDiv","tmp.FDis","tmp.RaoQ"
"6569",11.8435116518377,0.683808732729778,0.7783273414872,2.37972060438027,6.5
