"i","tmp.FRic","tmp.FEve","tmp.FDiv","tmp.FDis","tmp.RaoQ"
"6570",13.2307747045795,0.688305779334451,0.796501881861559,2.39856112527535,6.5
