"i","tmp.FRic","tmp.FEve","tmp.FDiv","tmp.FDis","tmp.RaoQ"
"6571",13.4475624170332,0.663522028568923,0.813937480694024,2.41309896661862,6.53333333333333
