"i","tmp.FRic","tmp.FEve","tmp.FDiv","tmp.FDis","tmp.RaoQ"
"6572",5.42487106024809,0.641320916857072,0.758220184232945,2.32008468170232,6.5625
