"i","tmp.FRic","tmp.FEve","tmp.FDiv","tmp.FDis","tmp.RaoQ"
"6574",6.7367758704833,0.662399813213026,0.75621921349192,2.32144920215226,6.58823529411765
