"i","tmp.FRic","tmp.FEve","tmp.FDiv","tmp.FDis","tmp.RaoQ"
"6575",8.32201796389993,0.647006017331608,0.764875800001612,2.31731494080311,6.61111111111111
