"i","tmp.FRic","tmp.FEve","tmp.FDiv","tmp.FDis","tmp.RaoQ"
"6576",8.19219956573334,0.683810706034286,0.817925828455867,2.39375424344048,6.63157894736842
