"i","tmp.FRic","tmp.FEve","tmp.FDiv","tmp.FDis","tmp.RaoQ"
"6581",10.297584667199,0.662031792796278,0.816916715683599,2.36662054034856,6.65
