"i","tmp.FRic","tmp.FEve","tmp.FDiv","tmp.FDis","tmp.RaoQ"
"6582",11.896519521533,0.612031587900062,0.80463480186971,2.36216562356271,6.68181818181818
