"i","tmp.FRic","tmp.FEve","tmp.FDiv","tmp.FDis","tmp.RaoQ"
"6583",5.18430842630213,0.572455057553271,0.760198925901183,2.30601730837713,6.74074074074074
