"i","tmp.FRic","tmp.FEve","tmp.FDiv","tmp.FDis","tmp.RaoQ"
"6584",6.70748231497074,0.598975440902006,0.775797304048282,2.31457710324132,6.78787878787879
