"i","tmp.FRic","tmp.FEve","tmp.FDiv","tmp.FDis","tmp.RaoQ"
"6585",4.51537231567308,0.628019135169852,0.776420407989177,2.3565431402558,6.8
