"i","tmp.FRic","tmp.FEve","tmp.FDiv","tmp.FDis","tmp.RaoQ"
"6586",6.78351842440097,0.616394290036572,0.801394845801925,2.37264110231758,6.81578947368421
