"i","tmp.FRic","tmp.FEve","tmp.FDiv","tmp.FDis","tmp.RaoQ"
"6587",7.17990675022282,0.631297416531809,0.817101553126839,2.39629339966568,6.825
