"i","tmp.FRic","tmp.FEve","tmp.FDiv","tmp.FDis","tmp.RaoQ"
"6588",8.14030625851396,0.63493174451997,0.810581136835094,2.39537316402599,6.83333333333334
