"i","tmp.FRic","tmp.FEve","tmp.FDiv","tmp.FDis","tmp.RaoQ"
"6589",8.79160469254944,0.619821984333088,0.788312519068361,2.38332663152493,6.83333333333334
