"i","tmp.FRic","tmp.FEve","tmp.FDiv","tmp.FDis","tmp.RaoQ"
"6590",7.67103100955583,0.629633459591426,0.797793829533329,2.3931493431151,6.825
