"i","tmp.FRic","tmp.FEve","tmp.FDiv","tmp.FDis","tmp.RaoQ"
"6591",7.30076890163792,0.619842322798492,0.798655346625158,2.39167887121405,6.82051282051282
