"i","tmp.FRic","tmp.FEve","tmp.FDiv","tmp.FDis","tmp.RaoQ"
"6592",6.80417639908155,0.609069925426256,0.795345844753692,2.38704046090633,6.81578947368421
