"i","tmp.FRic","tmp.FEve","tmp.FDiv","tmp.FDis","tmp.RaoQ"
"6651",8.54759249482784,0.693755215711562,0.805250949243523,2.27284553509426,6.125
