"i","tmp.FRic","tmp.FEve","tmp.FDiv","tmp.FDis","tmp.RaoQ"
"6656",2.92981720263665,0.657428985135528,0.740917923880583,2.1995748650007,6
