"i","tmp.FRic","tmp.FEve","tmp.FDiv","tmp.FDis","tmp.RaoQ"
"6660",8.23098787921661,0.693324102548834,0.716434147993617,2.27041559203261,6.22222222222222
