"i","tmp.FRic","tmp.FEve","tmp.FDiv","tmp.FDis","tmp.RaoQ"
"6662",8.25608002821759,0.762103714125648,0.785487330880532,2.35591636570722,6.22222222222222
