"i","tmp.FRic","tmp.FEve","tmp.FDiv","tmp.FDis","tmp.RaoQ"
"6664",4.67856712651957,0.843978205053486,0.790756837978096,2.38289839303601,6.36363636363636
