"i","tmp.FRic","tmp.FEve","tmp.FDiv","tmp.FDis","tmp.RaoQ"
"6665",6.37034520862771,0.796353512674345,0.766797048406947,2.34948322110599,6.41666666666667
