"i","tmp.FRic","tmp.FEve","tmp.FDiv","tmp.FDis","tmp.RaoQ"
"6669",6.7258054210696,0.690764270485905,0.795951636339677,2.40908890403128,6.41666666666667
