"i","tmp.FRic","tmp.FEve","tmp.FDiv","tmp.FDis","tmp.RaoQ"
"6671",14.6085107305564,0.673602620569448,0.770246712776719,2.39082194515368,6.5625
