"i","tmp.FRic","tmp.FEve","tmp.FDiv","tmp.FDis","tmp.RaoQ"
"6676",7.59677049748013,0.656256432605497,0.758686720521031,2.31013393412257,6.61111111111111
