"i","tmp.FRic","tmp.FEve","tmp.FDiv","tmp.FDis","tmp.RaoQ"
"6677",10.9498058087735,0.671688333300801,0.799642279623702,2.37721681907161,6.68181818181818
