"i","tmp.FRic","tmp.FEve","tmp.FDiv","tmp.FDis","tmp.RaoQ"
"6678",6.80197704947043,0.727694843685494,0.814941068534831,2.39766542407488,6.58823529411765
