"i","tmp.FRic","tmp.FEve","tmp.FDiv","tmp.FDis","tmp.RaoQ"
"6679",5.84706982051798,0.732331695857012,0.814426467592611,2.39110868728539,6.5625
