"i","tmp.FRic","tmp.FEve","tmp.FDiv","tmp.FDis","tmp.RaoQ"
"6681",5.40134466961248,0.677600193929152,0.819456539646905,2.36927271416778,6.5625
