"i","tmp.FRic","tmp.FEve","tmp.FDiv","tmp.FDis","tmp.RaoQ"
"6683",9.74551541260628,0.686929320887538,0.813395960997577,2.37876804222471,6.63157894736842
