"i","tmp.FRic","tmp.FEve","tmp.FDiv","tmp.FDis","tmp.RaoQ"
"6684",11.3670151765255,0.620550868229172,0.79217822908283,2.36750237730124,6.72
