"i","tmp.FRic","tmp.FEve","tmp.FDiv","tmp.FDis","tmp.RaoQ"
"6685",6.76043449629121,0.621784434698929,0.770194494774665,2.32182910282904,6.75862068965517
