"i","tmp.FRic","tmp.FEve","tmp.FDiv","tmp.FDis","tmp.RaoQ"
"6686",7.81384479071218,0.61247460133373,0.77335973849207,2.30892348900537,6.8
