"i","tmp.FRic","tmp.FEve","tmp.FDiv","tmp.FDis","tmp.RaoQ"
"6687",4.49862177906792,0.613027259663,0.775686634230635,2.35604009741893,6.8
