"i","tmp.FRic","tmp.FEve","tmp.FDiv","tmp.FDis","tmp.RaoQ"
"6688",6.2381847254487,0.611662211997514,0.797290748211875,2.37938845053363,6.81081081081081
