"i","tmp.FRic","tmp.FEve","tmp.FDiv","tmp.FDis","tmp.RaoQ"
"6689",6.64772737729238,0.621612891432153,0.814845187997299,2.41133858896968,6.82051282051282
