"i","tmp.FRic","tmp.FEve","tmp.FDiv","tmp.FDis","tmp.RaoQ"
"6691",7.25141386521752,0.605006808013007,0.805036838295311,2.40689226348425,6.82926829268293
