"i","tmp.FRic","tmp.FEve","tmp.FDiv","tmp.FDis","tmp.RaoQ"
"6692",6.82572258272784,0.615884131140476,0.795155187272794,2.38744770195334,6.82051282051282
