"i","tmp.FRic","tmp.FEve","tmp.FDiv","tmp.FDis","tmp.RaoQ"
"6693",6.09089889045491,0.611755964630813,0.795565549299714,2.39468530115603,6.81081081081081
