"i","tmp.FRic","tmp.FEve","tmp.FDiv","tmp.FDis","tmp.RaoQ"
"6694",6.21102231084469,0.619200999963471,0.799652627323152,2.39898677163007,6.81081081081081
