"i","tmp.FRic","tmp.FEve","tmp.FDiv","tmp.FDis","tmp.RaoQ"
"6759",1.29658419796855,0.699277908733012,0.745963478475189,2.25082788709596,6.125
