"i","tmp.FRic","tmp.FEve","tmp.FDiv","tmp.FDis","tmp.RaoQ"
"6762",6.35442878571882,0.739099879843389,0.752428974072638,2.29433022507573,6.125
