"i","tmp.FRic","tmp.FEve","tmp.FDiv","tmp.FDis","tmp.RaoQ"
"6765",10.2916792008157,0.83414556752379,0.77785126987679,2.3650262255429,6.3
