"i","tmp.FRic","tmp.FEve","tmp.FDiv","tmp.FDis","tmp.RaoQ"
"6766",5.80084059866223,0.796673377104156,0.766559549420985,2.35803528328549,6.41666666666667
