"i","tmp.FRic","tmp.FEve","tmp.FDiv","tmp.FDis","tmp.RaoQ"
"6768",7.55862508282935,0.778702694799639,0.759588079332465,2.34269843737112,6.46153846153846
