"i","tmp.FRic","tmp.FEve","tmp.FDiv","tmp.FDis","tmp.RaoQ"
"6770",6.54069085807516,0.756080429947463,0.780458427674059,2.38851863325176,6.46153846153846
