"i","tmp.FRic","tmp.FEve","tmp.FDiv","tmp.FDis","tmp.RaoQ"
"6773",8.92072231295997,0.66431688997989,0.781759745885482,2.38542308302123,6.5
