"i","tmp.FRic","tmp.FEve","tmp.FDiv","tmp.FDis","tmp.RaoQ"
"6774",12.4498331508705,0.65728006168367,0.776640902498199,2.38785619620318,6.5
