"i","tmp.FRic","tmp.FEve","tmp.FDiv","tmp.FDis","tmp.RaoQ"
"6775",5.94086138595103,0.659638857950648,0.742622554074842,2.31863717786316,6.5625
