"i","tmp.FRic","tmp.FEve","tmp.FDiv","tmp.FDis","tmp.RaoQ"
"6778",6.94024679883124,0.670833969785054,0.752282918894997,2.31736814841616,6.58823529411765
