"i","tmp.FRic","tmp.FEve","tmp.FDiv","tmp.FDis","tmp.RaoQ"
"6779",7.44246314479369,0.700464584202091,0.805569249181233,2.38882608183456,6.61111111111111
