"i","tmp.FRic","tmp.FEve","tmp.FDiv","tmp.FDis","tmp.RaoQ"
"6780",6.55460404557551,0.721683190953804,0.80676289605705,2.39865029852972,6.58823529411765
