"i","tmp.FRic","tmp.FEve","tmp.FDiv","tmp.FDis","tmp.RaoQ"
"6783",5.6248526101064,0.708364033922593,0.81283235498335,2.39642117206405,6.5625
