"i","tmp.FRic","tmp.FEve","tmp.FDiv","tmp.FDis","tmp.RaoQ"
"6784",5.06998952659104,0.687120327337516,0.802010285709317,2.40034746499642,6.61111111111111
