"i","tmp.FRic","tmp.FEve","tmp.FDiv","tmp.FDis","tmp.RaoQ"
"6785",7.27073241925261,0.679883114582553,0.792846975500131,2.39328285489792,6.65
