"i","tmp.FRic","tmp.FEve","tmp.FDiv","tmp.FDis","tmp.RaoQ"
"6786",10.4630922336626,0.658177321464957,0.789309815797798,2.38792577178479,6.70833333333333
