"i","tmp.FRic","tmp.FEve","tmp.FDiv","tmp.FDis","tmp.RaoQ"
"6787",8.00219206008029,0.612602151725678,0.770758743227558,2.31315341128368,6.7741935483871
