"i","tmp.FRic","tmp.FEve","tmp.FDiv","tmp.FDis","tmp.RaoQ"
"6788",8.04947333431479,0.612813068844237,0.773228339381746,2.32297366324938,6.8
