"i","tmp.FRic","tmp.FEve","tmp.FDiv","tmp.FDis","tmp.RaoQ"
"6789",6.34782643527413,0.604349506109884,0.779499349530739,2.37584897609361,6.80555555555556
