"i","tmp.FRic","tmp.FEve","tmp.FDiv","tmp.FDis","tmp.RaoQ"
"6790",5.8073326395489,0.617200033134329,0.809197427489522,2.4114585880477,6.81081081081081
