"i","tmp.FRic","tmp.FEve","tmp.FDiv","tmp.FDis","tmp.RaoQ"
"6791",6.31250280556285,0.616810710787873,0.814791337663072,2.41100590646817,6.82051282051282
