"i","tmp.FRic","tmp.FEve","tmp.FDiv","tmp.FDis","tmp.RaoQ"
"6792",7.24891249769388,0.604572282488137,0.799354086080058,2.40717147345426,6.82926829268293
