"i","tmp.FRic","tmp.FEve","tmp.FDiv","tmp.FDis","tmp.RaoQ"
"6793",7.24223167638641,0.603328463358026,0.789634171113923,2.40427527220652,6.83333333333334
