"i","tmp.FRic","tmp.FEve","tmp.FDiv","tmp.FDis","tmp.RaoQ"
"6794",7.10891519928046,0.605239998278279,NA,2.38596578026659,6.825
