"i","tmp.FRic","tmp.FEve","tmp.FDiv","tmp.FDis","tmp.RaoQ"
"6795",5.77192225934187,0.62463549299596,0.802924717795305,2.39995652714892,6.81081081081081
