"i","tmp.FRic","tmp.FEve","tmp.FDiv","tmp.FDis","tmp.RaoQ"
"6796",5.49127892132376,0.613543693857197,0.802842825813934,2.39683477280761,6.80555555555555
