"i","tmp.FRic","tmp.FEve","tmp.FDiv","tmp.FDis","tmp.RaoQ"
"6863",4.52332454783958,0.671284323091304,0.704984165461707,2.15965364618388,6.125
