"i","tmp.FRic","tmp.FEve","tmp.FDiv","tmp.FDis","tmp.RaoQ"
"6865",4.99724236583712,0.809171565176272,0.772461410003562,2.31642430787625,6
