"i","tmp.FRic","tmp.FEve","tmp.FDiv","tmp.FDis","tmp.RaoQ"
"6866",10.111587207341,0.83489174794059,0.794805923600072,2.38991697611785,6.22222222222222
