"i","tmp.FRic","tmp.FEve","tmp.FDiv","tmp.FDis","tmp.RaoQ"
"6868",3.55611581921627,0.820341200116302,0.773062288340763,2.35236243324375,6.3
