"i","tmp.FRic","tmp.FEve","tmp.FDiv","tmp.FDis","tmp.RaoQ"
"6869",4.59145638057829,0.775335210883547,0.745026855626306,2.32101610981464,6.36363636363636
