"i","tmp.FRic","tmp.FEve","tmp.FDiv","tmp.FDis","tmp.RaoQ"
"6870",5.62398277626929,0.759324776023874,0.735674036354078,2.30990164292362,6.41666666666667
