"i","tmp.FRic","tmp.FEve","tmp.FDiv","tmp.FDis","tmp.RaoQ"
"6873",7.61680755161766,0.696548154218921,0.801461200263782,2.41278705047628,6.46153846153846
