"i","tmp.FRic","tmp.FEve","tmp.FDiv","tmp.FDis","tmp.RaoQ"
"6874",8.82264633044548,0.670295449191035,0.793699970733484,2.39564869657354,6.5
