"i","tmp.FRic","tmp.FEve","tmp.FDiv","tmp.FDis","tmp.RaoQ"
"6878",5.12735659417516,0.656232631675082,0.743327096462319,2.30340082799464,6.53333333333333
