"i","tmp.FRic","tmp.FEve","tmp.FDiv","tmp.FDis","tmp.RaoQ"
"6880",5.99832565878332,0.666182323965756,0.752599472518256,2.30049249957928,6.5625
