"i","tmp.FRic","tmp.FEve","tmp.FDiv","tmp.FDis","tmp.RaoQ"
"6881",6.22429348266274,0.692833331634193,0.78473894846464,2.35632855806204,6.5625
