"i","tmp.FRic","tmp.FEve","tmp.FDiv","tmp.FDis","tmp.RaoQ"
"6883",13.0410551591144,0.743960704331842,0.870521606545115,2.4749195718179,6.5625
