"i","tmp.FRic","tmp.FEve","tmp.FDiv","tmp.FDis","tmp.RaoQ"
"6884",11.5610502523084,0.719642498358891,0.878164733694843,2.46960638684042,6.53333333333333
