"i","tmp.FRic","tmp.FEve","tmp.FDiv","tmp.FDis","tmp.RaoQ"
"6886",5.74035617229614,0.707219042288753,0.81697090662509,2.4007371736903,6.5625
