"i","tmp.FRic","tmp.FEve","tmp.FDiv","tmp.FDis","tmp.RaoQ"
"6887",8.16951531857374,0.696583739174626,0.809045355829319,2.39737874489013,6.61111111111111
