"i","tmp.FRic","tmp.FEve","tmp.FDiv","tmp.FDis","tmp.RaoQ"
"6888",8.62075200842221,0.692905804656397,0.793788941272571,2.39611188342212,6.66666666666667
