"i","tmp.FRic","tmp.FEve","tmp.FDiv","tmp.FDis","tmp.RaoQ"
"6889",5.80325324687313,0.649455428120632,0.775783288818465,2.33389241972691,6.74074074074074
