"i","tmp.FRic","tmp.FEve","tmp.FDiv","tmp.FDis","tmp.RaoQ"
"6890",5.20860775257388,0.63083505431848,0.782970716908487,2.34248079035485,6.75862068965517
