"i","tmp.FRic","tmp.FEve","tmp.FDiv","tmp.FDis","tmp.RaoQ"
"6891",5.65328491291695,0.625919506405694,0.789704510444968,2.39084878018748,6.79411764705882
