"i","tmp.FRic","tmp.FEve","tmp.FDiv","tmp.FDis","tmp.RaoQ"
"6892",5.00330842150731,0.606330591404589,0.818645263158041,2.41233814129153,6.81081081081081
