"i","tmp.FRic","tmp.FEve","tmp.FDiv","tmp.FDis","tmp.RaoQ"
"6893",5.5482211355332,0.612060751654676,0.818077512825641,2.41308455381752,6.81578947368421
