"i","tmp.FRic","tmp.FEve","tmp.FDiv","tmp.FDis","tmp.RaoQ"
"6894",6.8179441303251,0.591321224423118,0.79883641639875,2.40554054273546,6.82926829268293
