"i","tmp.FRic","tmp.FEve","tmp.FDiv","tmp.FDis","tmp.RaoQ"
"6895",6.93046913013196,0.61263779427973,0.795849178794223,2.40624206349857,6.82926829268293
