"i","tmp.FRic","tmp.FEve","tmp.FDiv","tmp.FDis","tmp.RaoQ"
"6897",6.36773683387066,0.622643286098771,0.795756570621807,2.39810666224595,6.81578947368421
