"i","tmp.FRic","tmp.FEve","tmp.FDiv","tmp.FDis","tmp.RaoQ"
"6898",18.4105802867838,0.604468295680763,0.810710112750507,2.40460001794633,6.8
