"i","tmp.FRic","tmp.FEve","tmp.FDiv","tmp.FDis","tmp.RaoQ"
"6962",4.94335627681909,0.686153762868912,0.769804833090559,2.24877926627386,6.125
