"i","tmp.FRic","tmp.FEve","tmp.FDiv","tmp.FDis","tmp.RaoQ"
"6964",2.0260744718918,0.707977302398728,0.753914528204763,2.25023061972315,6.22222222222222
