"i","tmp.FRic","tmp.FEve","tmp.FDiv","tmp.FDis","tmp.RaoQ"
"6966",2.29600430920972,0.824717357909787,0.80858531298811,2.36394928487858,6.125
