"i","tmp.FRic","tmp.FEve","tmp.FDiv","tmp.FDis","tmp.RaoQ"
"6968",4.85452684433779,0.845085266704838,0.81353467419013,2.41490197577027,6.3
