"i","tmp.FRic","tmp.FEve","tmp.FDiv","tmp.FDis","tmp.RaoQ"
"6969",6.21374035375285,0.836829458613502,0.79438610838425,2.39773884069366,6.41666666666667
