"i","tmp.FRic","tmp.FEve","tmp.FDiv","tmp.FDis","tmp.RaoQ"
"6971",6.07422448447773,0.782725403573828,0.76072149489538,2.34622736621998,6.41666666666667
