"i","tmp.FRic","tmp.FEve","tmp.FDiv","tmp.FDis","tmp.RaoQ"
"6973",4.51245439964517,0.783314216935676,0.764484200011132,2.34198938677633,6.36363636363636
