"i","tmp.FRic","tmp.FEve","tmp.FDiv","tmp.FDis","tmp.RaoQ"
"6974",5.71154489811071,0.767470936208271,0.774700562095559,2.38643381499793,6.41666666666667
