"i","tmp.FRic","tmp.FEve","tmp.FDiv","tmp.FDis","tmp.RaoQ"
"6975",7.51475245716998,0.712148707775251,0.764254458901686,2.38358925921443,6.5
