"i","tmp.FRic","tmp.FEve","tmp.FDiv","tmp.FDis","tmp.RaoQ"
"6977",9.76483060916553,0.667620465618621,0.796779286301157,2.38416353305795,6.53333333333333
