"i","tmp.FRic","tmp.FEve","tmp.FDiv","tmp.FDis","tmp.RaoQ"
"6979",3.67208232333824,0.649384369781784,0.748702162099598,2.31179673850833,6.5
