"i","tmp.FRic","tmp.FEve","tmp.FDiv","tmp.FDis","tmp.RaoQ"
"6981",4.70491006975799,0.680593512298271,0.727608895920414,2.27728057553853,6.5
