"i","tmp.FRic","tmp.FEve","tmp.FDiv","tmp.FDis","tmp.RaoQ"
"6982",12.2047058379478,0.720418112681902,0.818877489375023,2.37820300322981,6.46153846153846
