"i","tmp.FRic","tmp.FEve","tmp.FDiv","tmp.FDis","tmp.RaoQ"
"6983",11.7337612835221,0.766782366344586,0.842014977742819,2.43479706221612,6.46153846153846
