"i","tmp.FRic","tmp.FEve","tmp.FDiv","tmp.FDis","tmp.RaoQ"
"6984",11.5028698560063,0.771533193912222,0.864596351707412,2.46842351718838,6.5
