"i","tmp.FRic","tmp.FEve","tmp.FDiv","tmp.FDis","tmp.RaoQ"
"6985",5.15979902524272,0.705867342223356,0.813240687733426,2.37725783604097,6.53333333333333
