"i","tmp.FRic","tmp.FEve","tmp.FDiv","tmp.FDis","tmp.RaoQ"
"6987",5.23554078495077,0.740704101213355,0.813497876368387,2.4106667261504,6.53333333333333
