"i","tmp.FRic","tmp.FEve","tmp.FDiv","tmp.FDis","tmp.RaoQ"
"6989",4.63456626118209,0.710633849610515,0.798019666337175,2.41594742396187,6.58823529411765
