"i","tmp.FRic","tmp.FEve","tmp.FDiv","tmp.FDis","tmp.RaoQ"
"6990",7.993838409115,0.716380839573187,0.790339589589718,2.40521543366992,6.65
