"i","tmp.FRic","tmp.FEve","tmp.FDiv","tmp.FDis","tmp.RaoQ"
"6991",4.45536981969545,0.688550734345517,0.774967449874097,2.35809583106047,6.70833333333333
