"i","tmp.FRic","tmp.FEve","tmp.FDiv","tmp.FDis","tmp.RaoQ"
"6992",3.73004339642175,0.660977663680134,0.783855506259004,2.37783733689591,6.75
