"i","tmp.FRic","tmp.FEve","tmp.FDiv","tmp.FDis","tmp.RaoQ"
"6993",2.98157467192112,0.645197360425303,0.785143842421579,2.40851147910288,6.76666666666667
