"i","tmp.FRic","tmp.FEve","tmp.FDiv","tmp.FDis","tmp.RaoQ"
"6994",5.0712371228421,0.597945208444297,0.806044889676143,2.39074000740125,6.80555555555555
