"i","tmp.FRic","tmp.FEve","tmp.FDiv","tmp.FDis","tmp.RaoQ"
"6997",6.17785157858155,0.61769873587427,0.802309803961537,2.38878963120932,6.81578947368421
