"i","tmp.FRic","tmp.FEve","tmp.FDiv","tmp.FDis","tmp.RaoQ"
"6998",7.08731632323275,0.604646927753986,0.78859153727883,2.3861587927389,6.825
