"i","tmp.FRic","tmp.FEve","tmp.FDiv","tmp.FDis","tmp.RaoQ"
"6999",5.7662525120246,0.625001910738264,0.802988809182069,2.39975300202349,6.81081081081081
