"i","tmp.FRic","tmp.FEve","tmp.FDiv","tmp.FDis","tmp.RaoQ"
"7006",5.92814328283842,0.610168562192493,0.810591937078305,2.39237105976509,6.78787878787879
