"i","tmp.FRic","tmp.FEve","tmp.FDiv","tmp.FDis","tmp.RaoQ"
"7007",6.3914838452071,0.605816307465333,0.81067529676793,2.39124939324388,6.79411764705882
