"i","tmp.FRic","tmp.FEve","tmp.FDiv","tmp.FDis","tmp.RaoQ"
"7008",5.76802036621347,0.625577219478961,0.811764999939576,2.39382518279635,6.78125
