"i","tmp.FRic","tmp.FEve","tmp.FDiv","tmp.FDis","tmp.RaoQ"
"7063",7.81552943117959,0.668615046288623,0.698662170316608,2.1181694851203,6
