"i","tmp.FRic","tmp.FEve","tmp.FDiv","tmp.FDis","tmp.RaoQ"
"7064",4.3053284594404,0.685587340846064,0.713001210163243,2.17620153902318,6.125
