"i","tmp.FRic","tmp.FEve","tmp.FDiv","tmp.FDis","tmp.RaoQ"
"7066",3.60690636002543,0.731977957512652,0.785741699607559,2.31297493980057,6.3
