"i","tmp.FRic","tmp.FEve","tmp.FDiv","tmp.FDis","tmp.RaoQ"
"7071",3.93120941927055,0.8319283779831,0.807668469357223,2.39952698311632,6.3
