"i","tmp.FRic","tmp.FEve","tmp.FDiv","tmp.FDis","tmp.RaoQ"
"7073",4.8652393906521,0.818992839978571,0.779343262595435,2.37000873018938,6.36363636363636
