"i","tmp.FRic","tmp.FEve","tmp.FDiv","tmp.FDis","tmp.RaoQ"
"7075",3.64861145781818,0.792605068538345,0.770798144092423,2.34058296307045,6.3
