"i","tmp.FRic","tmp.FEve","tmp.FDiv","tmp.FDis","tmp.RaoQ"
"7076",5.91418252769241,0.74733652226361,0.771184652668528,2.38128530842441,6.36363636363636
