"i","tmp.FRic","tmp.FEve","tmp.FDiv","tmp.FDis","tmp.RaoQ"
"7077",7.90894722052168,0.730241000099808,0.783734611988132,2.40163207921149,6.46153846153846
