"i","tmp.FRic","tmp.FEve","tmp.FDiv","tmp.FDis","tmp.RaoQ"
"7078",8.52689162971157,0.652803013542281,0.798186511291447,2.38570207205054,6.46153846153846
