"i","tmp.FRic","tmp.FEve","tmp.FDiv","tmp.FDis","tmp.RaoQ"
"7080",2.33330737631135,0.626428585303062,0.747597781211765,2.2916265237463,6.46153846153846
