"i","tmp.FRic","tmp.FEve","tmp.FDiv","tmp.FDis","tmp.RaoQ"
"7083",12.4469874014242,0.688343048081262,0.784532765121916,2.36319382860965,6.46153846153846
