"i","tmp.FRic","tmp.FEve","tmp.FDiv","tmp.FDis","tmp.RaoQ"
"7084",8.90031210190577,0.768471554682049,0.816119743617052,2.40789914607084,6.36363636363636
