"i","tmp.FRic","tmp.FEve","tmp.FDiv","tmp.FDis","tmp.RaoQ"
"7085",10.265527911031,0.780966842815346,0.833030105406258,2.44123138685897,6.41666666666667
