"i","tmp.FRic","tmp.FEve","tmp.FDiv","tmp.FDis","tmp.RaoQ"
"7086",4.35237756206437,0.76939234525527,0.777199768989057,2.36950420368156,6.46153846153846
