"i","tmp.FRic","tmp.FEve","tmp.FDiv","tmp.FDis","tmp.RaoQ"
"7088",4.21518154484098,0.755359908991427,0.78385257371578,2.3551208889167,6.46153846153846
