"i","tmp.FRic","tmp.FEve","tmp.FDiv","tmp.FDis","tmp.RaoQ"
"7089",3.35445063645874,0.746865965187472,0.78096315624026,2.38981135151055,6.5
