"i","tmp.FRic","tmp.FEve","tmp.FDiv","tmp.FDis","tmp.RaoQ"
"7090",3.91718854037102,0.744388782778292,0.780857124317581,2.40245509372214,6.53333333333333
