"i","tmp.FRic","tmp.FEve","tmp.FDiv","tmp.FDis","tmp.RaoQ"
"7092",6.82970683829545,0.700339370132859,0.787153805807189,2.39851512824243,6.63157894736842
