"i","tmp.FRic","tmp.FEve","tmp.FDiv","tmp.FDis","tmp.RaoQ"
"7093",3.37974360434804,0.693492814416732,0.778503302062658,2.36602574279622,6.68181818181818
