"i","tmp.FRic","tmp.FEve","tmp.FDiv","tmp.FDis","tmp.RaoQ"
"7094",2.78074399076745,0.653874972634864,0.791933385621439,2.38580868861008,6.74074074074074
