"i","tmp.FRic","tmp.FEve","tmp.FDiv","tmp.FDis","tmp.RaoQ"
"7095",3.32639124041907,0.629394490631992,0.789474140651065,2.37336118735443,6.76666666666667
