"i","tmp.FRic","tmp.FEve","tmp.FDiv","tmp.FDis","tmp.RaoQ"
"7096",4.94081600820179,0.59719128436574,0.817890817368019,2.41138504052918,6.81081081081081
