"i","tmp.FRic","tmp.FEve","tmp.FDiv","tmp.FDis","tmp.RaoQ"
"7099",20.7864874977226,0.613940093050502,0.809902933140179,2.39019526690053,6.81081081081081
