"i","tmp.FRic","tmp.FEve","tmp.FDiv","tmp.FDis","tmp.RaoQ"
"7101",20.9022110534434,0.621681640891667,0.808931251073168,2.38910125456049,6.81081081081081
