"i","tmp.FRic","tmp.FEve","tmp.FDiv","tmp.FDis","tmp.RaoQ"
"7102",21.3757330816793,0.617255383322095,0.813367064873328,2.38625180334136,6.81081081081081
