"i","tmp.FRic","tmp.FEve","tmp.FDiv","tmp.FDis","tmp.RaoQ"
"7103",7.07393484703546,0.62548070409558,0.802084452663604,2.36937586814344,6.81081081081081
