"i","tmp.FRic","tmp.FEve","tmp.FDiv","tmp.FDis","tmp.RaoQ"
"7107",10.2667571179503,0.646692353910715,0.83217875710212,2.43078557111841,6.76666666666667
