"i","tmp.FRic","tmp.FEve","tmp.FDiv","tmp.FDis","tmp.RaoQ"
"7109",6.77555438240631,0.595652565470008,0.809357606783996,2.38884509176981,6.8
