"i","tmp.FRic","tmp.FEve","tmp.FDiv","tmp.FDis","tmp.RaoQ"
"7110",6.08373841834613,0.615676681942307,0.811203842027852,2.3927870252523,6.78787878787879
