"i","tmp.FRic","tmp.FEve","tmp.FDiv","tmp.FDis","tmp.RaoQ"
"7171",3.7274238861896,0.853467647690601,0.808485937948532,2.38991751374408,6.22222222222222
