"i","tmp.FRic","tmp.FEve","tmp.FDiv","tmp.FDis","tmp.RaoQ"
"7172",2.83048320720502,0.831605561034919,0.794485659672001,2.36873937784492,6.22222222222222
