"i","tmp.FRic","tmp.FEve","tmp.FDiv","tmp.FDis","tmp.RaoQ"
"7176",3.8350680211864,0.811620434605898,0.767552996411516,2.34666444633165,6.3
