"i","tmp.FRic","tmp.FEve","tmp.FDiv","tmp.FDis","tmp.RaoQ"
"7177",2.16035709510726,0.854676035553704,0.808876690082315,2.37969102674907,6.125
