"i","tmp.FRic","tmp.FEve","tmp.FDiv","tmp.FDis","tmp.RaoQ"
"7179",6.8556534242145,0.730937590556984,0.768519296781618,2.39116568618774,6.41666666666667
