"i","tmp.FRic","tmp.FEve","tmp.FDiv","tmp.FDis","tmp.RaoQ"
"7182",1.653065079202,0.676529250805722,0.751800569203063,2.28147575853355,6.36363636363636
