"i","tmp.FRic","tmp.FEve","tmp.FDiv","tmp.FDis","tmp.RaoQ"
"7183",3.29895114280172,0.681272991130117,0.735645214857573,2.28961611156568,6.46153846153846
