"i","tmp.FRic","tmp.FEve","tmp.FDiv","tmp.FDis","tmp.RaoQ"
"7186",3.89233819675014,0.767800531909002,0.783769296568835,2.38579528190908,6.46153846153846
