"i","tmp.FRic","tmp.FEve","tmp.FDiv","tmp.FDis","tmp.RaoQ"
"7187",1.41471386106564,0.741938127828724,0.744771738502283,2.33339117977435,6.5
