"i","tmp.FRic","tmp.FEve","tmp.FDiv","tmp.FDis","tmp.RaoQ"
"7188",3.50207264836017,0.777967339957882,0.781717472404614,2.36575944689528,6.41666666666667
