"i","tmp.FRic","tmp.FEve","tmp.FDiv","tmp.FDis","tmp.RaoQ"
"7194",5.00855361590231,0.681426596646194,0.778983001958667,2.37274130911235,6.58823529411765
