"i","tmp.FRic","tmp.FEve","tmp.FDiv","tmp.FDis","tmp.RaoQ"
"7195",2.988128552415,0.684484424554025,0.782759005601582,2.37100184129535,6.68181818181818
