"i","tmp.FRic","tmp.FEve","tmp.FDiv","tmp.FDis","tmp.RaoQ"
"7196",2.57410397565257,0.666335909525768,0.791904006756004,2.39698035740037,6.73076923076923
