"i","tmp.FRic","tmp.FEve","tmp.FDiv","tmp.FDis","tmp.RaoQ"
"7197",4.36898562859714,0.640966335693927,0.817140723815861,2.43162923224453,6.78787878787879
