"i","tmp.FRic","tmp.FEve","tmp.FDiv","tmp.FDis","tmp.RaoQ"
"7198",16.0753678447325,0.604423087468102,0.824374361453632,2.42363362223231,6.8
