"i","tmp.FRic","tmp.FEve","tmp.FDiv","tmp.FDis","tmp.RaoQ"
"7199",18.2735511405008,0.606088883756385,0.816379439617004,2.40869939098261,6.81081081081081
