"i","tmp.FRic","tmp.FEve","tmp.FDiv","tmp.FDis","tmp.RaoQ"
"7200",20.2053570209537,0.612456827566447,0.820824701917567,2.40997307610841,6.81578947368421
