"i","tmp.FRic","tmp.FEve","tmp.FDiv","tmp.FDis","tmp.RaoQ"
"7201",21.580938464113,0.61389870260955,0.819201009574218,2.39830767094414,6.82051282051282
