"i","tmp.FRic","tmp.FEve","tmp.FDiv","tmp.FDis","tmp.RaoQ"
"7202",23.9881181532088,0.623206820964148,0.813045553258182,2.37256271723417,6.82051282051282
