"i","tmp.FRic","tmp.FEve","tmp.FDiv","tmp.FDis","tmp.RaoQ"
"7203",23.8936144686438,0.62435341965829,0.810036715505377,2.3656544838624,6.80555555555555
