"i","tmp.FRic","tmp.FEve","tmp.FDiv","tmp.FDis","tmp.RaoQ"
"7209",9.60909683752049,0.64025331616584,0.837532052786395,2.43431266746478,6.75862068965517
