"i","tmp.FRic","tmp.FEve","tmp.FDiv","tmp.FDis","tmp.RaoQ"
"7210",11.3694682453919,0.633823307581842,0.820038355457729,2.42821958323091,6.78125
