"i","tmp.FRic","tmp.FEve","tmp.FDiv","tmp.FDis","tmp.RaoQ"
"7211",5.65307326077808,0.619960279988555,0.810714491878284,2.3933307802997,6.78125
