"i","tmp.FRic","tmp.FEve","tmp.FDiv","tmp.FDis","tmp.RaoQ"
"7212",5.67648612469561,0.598894756123289,0.798148144313184,2.38217758126249,6.79411764705883
