"i","tmp.FRic","tmp.FEve","tmp.FDiv","tmp.FDis","tmp.RaoQ"
"7272",1.60194102590834,0.853648498949017,0.786831759459047,2.3541097345032,6.125
