"i","tmp.FRic","tmp.FEve","tmp.FDiv","tmp.FDis","tmp.RaoQ"
"7278",3.22233450110054,0.805498019189796,0.792290530983521,2.36888064076545,6.22222222222222
