"i","tmp.FRic","tmp.FEve","tmp.FDiv","tmp.FDis","tmp.RaoQ"
"7282",7.93620845550148,0.668188871381923,0.78498676889529,2.35057355051006,6.41666666666667
