"i","tmp.FRic","tmp.FEve","tmp.FDiv","tmp.FDis","tmp.RaoQ"
"7286",2.51296868091701,0.684945459861425,0.763048325355758,2.32527924608616,6.41666666666667
