"i","tmp.FRic","tmp.FEve","tmp.FDiv","tmp.FDis","tmp.RaoQ"
"7288",3.89233819675014,0.767800531909002,0.784240226854888,2.38579528190908,6.46153846153846
