"i","tmp.FRic","tmp.FEve","tmp.FDiv","tmp.FDis","tmp.RaoQ"
"7294",2.85476108829936,0.762096432764613,0.781278199083388,2.40215285701962,6.46153846153846
