"i","tmp.FRic","tmp.FEve","tmp.FDiv","tmp.FDis","tmp.RaoQ"
"7295",3.29376178886431,0.716080624504556,0.778212196658346,2.3848741285614,6.5
