"i","tmp.FRic","tmp.FEve","tmp.FDiv","tmp.FDis","tmp.RaoQ"
"7296",4.45391878902617,0.67374599002063,0.777188854922478,2.3507960533962,6.5625
