"i","tmp.FRic","tmp.FEve","tmp.FDiv","tmp.FDis","tmp.RaoQ"
"7297",2.91355606353852,0.684524316799996,0.771905900756855,2.35622900669667,6.66666666666667
