"i","tmp.FRic","tmp.FEve","tmp.FDiv","tmp.FDis","tmp.RaoQ"
"7298",2.52826892285214,0.655031594264476,0.793458322736817,2.39795608544459,6.73076923076923
