"i","tmp.FRic","tmp.FEve","tmp.FDiv","tmp.FDis","tmp.RaoQ"
"7299",4.06396363592272,0.653374390072607,0.818559396972795,2.4437350294246,6.78125
