"i","tmp.FRic","tmp.FEve","tmp.FDiv","tmp.FDis","tmp.RaoQ"
"7300",5.45111254803102,0.630080893501454,0.808235038053695,2.40334917656804,6.80555555555556
