"i","tmp.FRic","tmp.FEve","tmp.FDiv","tmp.FDis","tmp.RaoQ"
"7301",20.1835093211506,0.627376989938183,0.811718242704385,2.39049973926933,6.80555555555556
