"i","tmp.FRic","tmp.FEve","tmp.FDiv","tmp.FDis","tmp.RaoQ"
"7302",21.5003119245775,0.616238047225214,0.811188811409731,2.37792075050783,6.81081081081081
