"i","tmp.FRic","tmp.FEve","tmp.FDiv","tmp.FDis","tmp.RaoQ"
"7304",25.5574003290239,0.617663784914533,0.8094605671008,2.35343158722553,6.81081081081081
