"i","tmp.FRic","tmp.FEve","tmp.FDiv","tmp.FDis","tmp.RaoQ"
"7305",6.56804877362442,0.635215167483375,0.802961383885613,2.38239888492369,6.80555555555556
