"i","tmp.FRic","tmp.FEve","tmp.FDiv","tmp.FDis","tmp.RaoQ"
"7306",9.49375126407261,0.6247551408591,0.810119859513602,2.37086303775772,6.79411764705882
