"i","tmp.FRic","tmp.FEve","tmp.FDiv","tmp.FDis","tmp.RaoQ"
"7311",8.27314656056771,0.625608324034312,0.850357534001362,2.43602793888129,6.75
