"i","tmp.FRic","tmp.FEve","tmp.FDiv","tmp.FDis","tmp.RaoQ"
"7313",10.1207397610624,0.637820185518974,0.826525283205763,2.43340410350033,6.76666666666667
