"i","tmp.FRic","tmp.FEve","tmp.FDiv","tmp.FDis","tmp.RaoQ"
"7367",4.84218445915646,0.616387773050889,0.725089849173634,2.10491489467491,5.83333333333333
