"i","tmp.FRic","tmp.FEve","tmp.FDiv","tmp.FDis","tmp.RaoQ"
"737",6.54108880602745,0.710184721961532,0.859146409044618,2.44143469933607,6.22222222222222
