"i","tmp.FRic","tmp.FEve","tmp.FDiv","tmp.FDis","tmp.RaoQ"
"7370",0.697056343949882,0.733401602480082,0.752755624823518,2.29145408530328,6.125
