"i","tmp.FRic","tmp.FEve","tmp.FDiv","tmp.FDis","tmp.RaoQ"
"7373",0.521983672022949,0.816835000451191,0.771043020783029,2.31166586343647,6
