"i","tmp.FRic","tmp.FEve","tmp.FDiv","tmp.FDis","tmp.RaoQ"
"7375",1.99377770838447,0.836943504223137,0.781004656897483,2.33448963467163,6.125
