"i","tmp.FRic","tmp.FEve","tmp.FDiv","tmp.FDis","tmp.RaoQ"
"7376",3.7062540646772,0.822827614854295,0.769296789019494,2.34793080396312,6.3
