"i","tmp.FRic","tmp.FEve","tmp.FDiv","tmp.FDis","tmp.RaoQ"
"7379",5.18446723568462,0.806699295286351,0.774742342463695,2.36540984726151,6.36363636363636
