"i","tmp.FRic","tmp.FEve","tmp.FDiv","tmp.FDis","tmp.RaoQ"
"738",5.46695592150722,0.658652081273553,0.815469080084845,2.39764618678247,6.3
