"i","tmp.FRic","tmp.FEve","tmp.FDiv","tmp.FDis","tmp.RaoQ"
"7381",1.06128335612985,0.845224543108884,0.795627386234901,2.3480733920942,6
