"i","tmp.FRic","tmp.FEve","tmp.FDiv","tmp.FDis","tmp.RaoQ"
"7383",4.84405397156902,0.802449282192118,0.773510625890838,2.39087096199499,6.3
