"i","tmp.FRic","tmp.FEve","tmp.FDiv","tmp.FDis","tmp.RaoQ"
"7386",2.16811463666038,0.692109952896441,0.754113411201636,2.30067990056956,6.41666666666667
