"i","tmp.FRic","tmp.FEve","tmp.FDiv","tmp.FDis","tmp.RaoQ"
"7387",1.68779071498969,0.683881107833322,0.753701735896522,2.29824043371775,6.36363636363636
