"i","tmp.FRic","tmp.FEve","tmp.FDiv","tmp.FDis","tmp.RaoQ"
"7388",1.31700280034364,0.730805936228789,0.755049399551844,2.32113297317748,6.3
