"i","tmp.FRic","tmp.FEve","tmp.FDiv","tmp.FDis","tmp.RaoQ"
"739",23.0891610060373,0.714747306681235,0.839480785644592,2.49138901077418,6.5
