"i","tmp.FRic","tmp.FEve","tmp.FDiv","tmp.FDis","tmp.RaoQ"
"7391",1.12792166647944,0.73629765823385,0.748766660839509,2.36770501159057,6.53333333333333
