"i","tmp.FRic","tmp.FEve","tmp.FDiv","tmp.FDis","tmp.RaoQ"
"7392",3.48492484629407,0.763652949762144,0.774548869541004,2.40037322096015,6.5
