"i","tmp.FRic","tmp.FEve","tmp.FDiv","tmp.FDis","tmp.RaoQ"
"7398",5.20117141342328,0.696676744394035,0.796832394169596,2.36829305784545,6.58823529411765
