"i","tmp.FRic","tmp.FEve","tmp.FDiv","tmp.FDis","tmp.RaoQ"
"7399",2.45605385756504,0.701936941472813,0.776394313704982,2.38414923604365,6.68181818181818
