"i","tmp.FRic","tmp.FEve","tmp.FDiv","tmp.FDis","tmp.RaoQ"
"740",23.5551660053041,0.724515880325603,0.84837623886292,2.50747167741436,6.53333333333333
