"i","tmp.FRic","tmp.FEve","tmp.FDiv","tmp.FDis","tmp.RaoQ"
"7400",3.00589413424076,0.657603346604116,0.795045683884065,2.36917340956571,6.72
