"i","tmp.FRic","tmp.FEve","tmp.FDiv","tmp.FDis","tmp.RaoQ"
"7401",5.2025167990441,0.672330727017406,0.796649267224873,2.40682133277484,6.7741935483871
