"i","tmp.FRic","tmp.FEve","tmp.FDiv","tmp.FDis","tmp.RaoQ"
"7402",5.51805304898292,0.636026109677065,0.807277843720962,2.40237894946726,6.80555555555556
