"i","tmp.FRic","tmp.FEve","tmp.FDiv","tmp.FDis","tmp.RaoQ"
"7404",24.4338921476841,0.625050201465154,0.804880847865776,2.34896732193236,6.81081081081081
