"i","tmp.FRic","tmp.FEve","tmp.FDiv","tmp.FDis","tmp.RaoQ"
"7405",26.9790932132439,0.63025146102251,0.809637977112121,2.35145781249681,6.81578947368421
