"i","tmp.FRic","tmp.FEve","tmp.FDiv","tmp.FDis","tmp.RaoQ"
"7406",25.4185658433488,0.630082617497649,0.807484806182382,2.36388588630586,6.79411764705882
