"i","tmp.FRic","tmp.FEve","tmp.FDiv","tmp.FDis","tmp.RaoQ"
"7407",10.199743807076,0.625334743355447,0.808068770957185,2.36924156063728,6.8
