"i","tmp.FRic","tmp.FEve","tmp.FDiv","tmp.FDis","tmp.RaoQ"
"7413",7.89432832616051,0.612856450550126,0.853043231872672,2.42997229424091,6.74074074074074
