"i","tmp.FRic","tmp.FEve","tmp.FDiv","tmp.FDis","tmp.RaoQ"
"744",5.17108160006969,0.708814042118086,0.821592265275861,2.39074965976876,6.125
