"i","tmp.FRic","tmp.FEve","tmp.FDiv","tmp.FDis","tmp.RaoQ"
"747",8.69889650826861,0.771506240963988,0.827971849052336,2.41804081203914,6.22222222222222
