"i","tmp.FRic","tmp.FEve","tmp.FDiv","tmp.FDis","tmp.RaoQ"
"7471",3.11833019102814,0.657768620736347,0.671845100771043,2.12170956720075,5.83333333333333
