"i","tmp.FRic","tmp.FEve","tmp.FDiv","tmp.FDis","tmp.RaoQ"
"7474",1.17673823185666,0.774611301239942,0.724399780270554,2.22972408125268,5.83333333333333
