"i","tmp.FRic","tmp.FEve","tmp.FDiv","tmp.FDis","tmp.RaoQ"
"7476",0.459706842697552,0.825220410102069,0.743911388855348,2.27795618536647,6
