"i","tmp.FRic","tmp.FEve","tmp.FDiv","tmp.FDis","tmp.RaoQ"
"7477",2.12827104366467,0.922707165723437,0.769638131424307,2.24268876062488,5.6
