"i","tmp.FRic","tmp.FEve","tmp.FDiv","tmp.FDis","tmp.RaoQ"
"7478",2.7354094086775,0.831487548486817,0.783863918123162,2.36128657775961,6.22222222222222
