"i","tmp.FRic","tmp.FEve","tmp.FDiv","tmp.FDis","tmp.RaoQ"
"7480",3.64312492190767,0.812173454015688,0.783080144346071,2.36945034888024,6.3
