"i","tmp.FRic","tmp.FEve","tmp.FDiv","tmp.FDis","tmp.RaoQ"
"7483",3.62437406026685,0.806351871329758,0.77544328238837,2.36756542740691,6.22222222222222
