"i","tmp.FRic","tmp.FEve","tmp.FDiv","tmp.FDis","tmp.RaoQ"
"7484",2.6539613690876,0.785352568084009,0.778663398551952,2.3784256662212,6.22222222222222
