"i","tmp.FRic","tmp.FEve","tmp.FDiv","tmp.FDis","tmp.RaoQ"
"7487",2.90667728764199,0.67351389174964,0.750418940277146,2.30467707106089,6.46153846153846
