"i","tmp.FRic","tmp.FEve","tmp.FDiv","tmp.FDis","tmp.RaoQ"
"7493",1.37397934426059,0.726263148407567,0.732849778720265,2.31571483876544,6.5
