"i","tmp.FRic","tmp.FEve","tmp.FDiv","tmp.FDis","tmp.RaoQ"
"7499",3.52698776565817,0.786524562245415,0.801797797444306,2.41283952287974,6.5
