"i","tmp.FRic","tmp.FEve","tmp.FDiv","tmp.FDis","tmp.RaoQ"
"7500",1.53987047992898,0.69891018961337,0.773003426018871,2.34863981546755,6.58823529411765
