"i","tmp.FRic","tmp.FEve","tmp.FDiv","tmp.FDis","tmp.RaoQ"
"7501",2.68705037581228,0.684297990292082,0.778148983880824,2.37266057416487,6.69565217391304
