"i","tmp.FRic","tmp.FEve","tmp.FDiv","tmp.FDis","tmp.RaoQ"
"7502",2.74290311185664,0.671899783785372,0.79489218329482,2.38187155585868,6.70833333333333
