"i","tmp.FRic","tmp.FEve","tmp.FDiv","tmp.FDis","tmp.RaoQ"
"7503",4.5747323263174,0.695982271333718,0.806491920800795,2.42370951493917,6.75862068965517
