"i","tmp.FRic","tmp.FEve","tmp.FDiv","tmp.FDis","tmp.RaoQ"
"7504",5.32861276305472,0.652212593421385,0.80916254437123,2.41688675233096,6.78787878787879
