"i","tmp.FRic","tmp.FEve","tmp.FDiv","tmp.FDis","tmp.RaoQ"
"7505",21.2684481029314,0.646274527795282,0.817482664569592,2.39841119348414,6.79411764705882
