"i","tmp.FRic","tmp.FEve","tmp.FDiv","tmp.FDis","tmp.RaoQ"
"7506",22.4048334916396,0.646742767600063,0.804781189143279,2.37449546641951,6.78787878787879
