"i","tmp.FRic","tmp.FEve","tmp.FDiv","tmp.FDis","tmp.RaoQ"
"7507",30.7485939026789,0.622438692222768,0.817005032003434,2.36498206416744,6.78787878787879
