"i","tmp.FRic","tmp.FEve","tmp.FDiv","tmp.FDis","tmp.RaoQ"
"7509",9.67249844820454,0.634136794146921,0.80661029333433,2.37742945144921,6.79411764705882
