"i","tmp.FRic","tmp.FEve","tmp.FDiv","tmp.FDis","tmp.RaoQ"
"7565",5.2259142857557,0.676668063615608,0.824607135895855,2.28794561762332,6
