"i","tmp.FRic","tmp.FEve","tmp.FDiv","tmp.FDis","tmp.RaoQ"
"7573",2.29811418617307,0.75124239299682,0.712121070162161,2.1785808935223,5.6
