"i","tmp.FRic","tmp.FEve","tmp.FDiv","tmp.FDis","tmp.RaoQ"
"7577",0.2916129503656,0.861981201735608,0.759434581940262,2.23027732003389,5.6
