"i","tmp.FRic","tmp.FEve","tmp.FDiv","tmp.FDis","tmp.RaoQ"
"7579",2.20706894997347,0.931046606180293,0.761324685013028,2.24633615482424,5.6
