"i","tmp.FRic","tmp.FEve","tmp.FDiv","tmp.FDis","tmp.RaoQ"
"7580",1.99620217718179,0.822443491183686,0.786168734924127,2.35246354272864,6.125
