"i","tmp.FRic","tmp.FEve","tmp.FDiv","tmp.FDis","tmp.RaoQ"
"7581",3.19459741208197,0.799899257901478,0.797906831840371,2.3790165331552,6.22222222222222
