"i","tmp.FRic","tmp.FEve","tmp.FDiv","tmp.FDis","tmp.RaoQ"
"7583",2.1089533290339,0.807705795321071,0.78934154994849,2.35470199441942,6.125
