"i","tmp.FRic","tmp.FEve","tmp.FDiv","tmp.FDis","tmp.RaoQ"
"7588",5.28041562716277,0.656740062866341,0.761391756324294,2.31704681158938,6.41666666666667
