"i","tmp.FRic","tmp.FEve","tmp.FDiv","tmp.FDis","tmp.RaoQ"
"7589",1.41809897925506,0.633941971006472,0.742598057676857,2.27584456841359,6.41666666666667
