"i","tmp.FRic","tmp.FEve","tmp.FDiv","tmp.FDis","tmp.RaoQ"
"7596",1.10620873853964,0.721908726591133,0.743975973911738,2.35953068441981,6.53333333333333
