"i","tmp.FRic","tmp.FEve","tmp.FDiv","tmp.FDis","tmp.RaoQ"
"7599",0.875217862818533,0.737525365702107,0.759467744182223,2.37761540739085,6.5
