"i","tmp.FRic","tmp.FEve","tmp.FDiv","tmp.FDis","tmp.RaoQ"
"7602",1.74760841505061,0.704945259135229,0.776585830189459,2.3389202893488,6.61111111111111
