"i","tmp.FRic","tmp.FEve","tmp.FDiv","tmp.FDis","tmp.RaoQ"
"7603",2.24313895272172,0.720957445576069,0.786947813662504,2.39543964034043,6.66666666666667
