"i","tmp.FRic","tmp.FEve","tmp.FDiv","tmp.FDis","tmp.RaoQ"
"7605",4.51596670643378,0.687095505127931,0.807751362184105,2.42507276476745,6.75862068965517
