"i","tmp.FRic","tmp.FEve","tmp.FDiv","tmp.FDis","tmp.RaoQ"
"7606",5.96942821477782,0.657910974724955,0.812703104716453,2.41012556259566,6.79411764705882
