"i","tmp.FRic","tmp.FEve","tmp.FDiv","tmp.FDis","tmp.RaoQ"
"7607",23.7927108175669,0.666144633653365,0.812238075847055,2.3942903762927,6.76666666666667
