"i","tmp.FRic","tmp.FEve","tmp.FDiv","tmp.FDis","tmp.RaoQ"
"7608",36.3596136286139,0.667487008661206,0.84452368447853,2.42883129479384,6.75862068965517
