"i","tmp.FRic","tmp.FEve","tmp.FDiv","tmp.FDis","tmp.RaoQ"
"7609",8.97508144554672,0.634815275826303,0.808985086759314,2.38004480055646,6.78787878787879
