"i","tmp.FRic","tmp.FEve","tmp.FDiv","tmp.FDis","tmp.RaoQ"
"7678",4.45793017448112,0.91806873275548,0.805121422279355,2.22112774466027,5.25
