"i","tmp.FRic","tmp.FEve","tmp.FDiv","tmp.FDis","tmp.RaoQ"
"7679",0.510073086676973,0.942776104421273,0.76899922238188,2.2876271509744,5.83333333333333
