"i","tmp.FRic","tmp.FEve","tmp.FDiv","tmp.FDis","tmp.RaoQ"
"7682",1.24801063540275,0.861470109222748,0.781102125051881,2.33030516302341,6
