"i","tmp.FRic","tmp.FEve","tmp.FDiv","tmp.FDis","tmp.RaoQ"
"7690",4.38812405716341,0.704205435900033,0.76710388799539,2.34942069953939,6.36363636363636
