"i","tmp.FRic","tmp.FEve","tmp.FDiv","tmp.FDis","tmp.RaoQ"
"7694",1.34568210364818,0.743188526382713,0.755841808563694,2.32292329469367,6.3
