"i","tmp.FRic","tmp.FEve","tmp.FDiv","tmp.FDis","tmp.RaoQ"
"7696",3.05999413692814,0.764341304318569,0.791132696365557,2.38886562271512,6.41666666666667
