"i","tmp.FRic","tmp.FEve","tmp.FDiv","tmp.FDis","tmp.RaoQ"
"7699",0.8538962848122,0.722448504435701,0.755675155964476,2.3701434572309,6.5
