"i","tmp.FRic","tmp.FEve","tmp.FDiv","tmp.FDis","tmp.RaoQ"
"7700",1.07987565743688,0.716338798774093,0.740250865345931,2.34975797895748,6.53333333333333
