"i","tmp.FRic","tmp.FEve","tmp.FDiv","tmp.FDis","tmp.RaoQ"
"7701",1.14128949462706,0.760758312653908,0.773983989213091,2.38292650451515,6.53333333333333
