"i","tmp.FRic","tmp.FEve","tmp.FDiv","tmp.FDis","tmp.RaoQ"
"7703",1.32858679897018,0.73175708648457,0.773058504801107,2.36498877713848,6.5625
