"i","tmp.FRic","tmp.FEve","tmp.FDiv","tmp.FDis","tmp.RaoQ"
"7704",2.08456498233,0.701237686213298,0.77831863429983,2.35580280800779,6.63157894736842
