"i","tmp.FRic","tmp.FEve","tmp.FDiv","tmp.FDis","tmp.RaoQ"
"7705",2.58257665448033,0.729717949627539,0.776996416895675,2.3911899871913,6.68181818181818
