"i","tmp.FRic","tmp.FEve","tmp.FDiv","tmp.FDis","tmp.RaoQ"
"7706",2.69548577717562,0.696276661564013,0.781572015597337,2.3907380749712,6.70833333333333
