"i","tmp.FRic","tmp.FEve","tmp.FDiv","tmp.FDis","tmp.RaoQ"
"7707",4.58100561964301,0.678341612610581,0.795652448301087,2.38844050179823,6.75
