"i","tmp.FRic","tmp.FEve","tmp.FDiv","tmp.FDis","tmp.RaoQ"
"7708",8.5377197026248,0.658931566360034,0.804833972899972,2.38153256990158,6.78787878787879
