"i","tmp.FRic","tmp.FEve","tmp.FDiv","tmp.FDis","tmp.RaoQ"
"7709",33.9712968275925,0.683469994063326,0.846285895804245,2.44277377298356,6.75
