"i","tmp.FRic","tmp.FEve","tmp.FDiv","tmp.FDis","tmp.RaoQ"
"7710",13.4773074605073,0.686476546973213,0.843180017556458,2.44408580353006,6.76666666666667
