"i","tmp.FRic","tmp.FEve","tmp.FDiv","tmp.FDis","tmp.RaoQ"
"7714",9.90698197410432,0.619729073167879,0.803557200742173,2.35717429489809,6.78125
