"i","tmp.FRic","tmp.FEve","tmp.FDiv","tmp.FDis","tmp.RaoQ"
"7768",1.24686697650974,0.668136987335564,0.824106020723172,2.30308178137293,5.83333333333333
