"i","tmp.FRic","tmp.FEve","tmp.FDiv","tmp.FDis","tmp.RaoQ"
"7776",0.796763526224978,0.73055998879825,0.738521615085684,2.27836855280902,6.125
