"i","tmp.FRic","tmp.FEve","tmp.FDiv","tmp.FDis","tmp.RaoQ"
"7778",1.86935168552271,0.80839171694002,0.722327042233935,2.26546197917414,6.125
