"i","tmp.FRic","tmp.FEve","tmp.FDiv","tmp.FDis","tmp.RaoQ"
"7779",0.29187563663052,0.862197514002127,0.771303829218835,2.29090540533896,5.83333333333333
