"i","tmp.FRic","tmp.FEve","tmp.FDiv","tmp.FDis","tmp.RaoQ"
"7780",0.619966565206547,0.854869854990521,0.768480369428418,2.22608142629604,5.6
