"i","tmp.FRic","tmp.FEve","tmp.FDiv","tmp.FDis","tmp.RaoQ"
"7786",2.215393891445,0.820481932888682,0.795370690413532,2.35697633824551,6.125
