"i","tmp.FRic","tmp.FEve","tmp.FDiv","tmp.FDis","tmp.RaoQ"
"7787",1.25397510176777,0.845800002095813,0.783852061995599,2.33245517335746,6
