"i","tmp.FRic","tmp.FEve","tmp.FDiv","tmp.FDis","tmp.RaoQ"
"7792",5.19378952029779,0.715458065741484,0.781004358268659,2.38910629256491,6.41666666666667
