"i","tmp.FRic","tmp.FEve","tmp.FDiv","tmp.FDis","tmp.RaoQ"
"7793",1.11746504433204,0.654905516729007,0.749302381580044,2.27327895120688,6.36363636363636
