"i","tmp.FRic","tmp.FEve","tmp.FDiv","tmp.FDis","tmp.RaoQ"
"7799",3.84398818171504,0.748149069805301,0.780551942813056,2.38047312925602,6.46153846153846
