"i","tmp.FRic","tmp.FEve","tmp.FDiv","tmp.FDis","tmp.RaoQ"
"7800",4.09485497970606,0.749912605614199,0.771214210602767,2.36074320479238,6.46153846153846
