"i","tmp.FRic","tmp.FEve","tmp.FDiv","tmp.FDis","tmp.RaoQ"
"7801",3.23605405108888,0.753594827614484,0.775179534587804,2.35773729749672,6.41666666666667
