"i","tmp.FRic","tmp.FEve","tmp.FDiv","tmp.FDis","tmp.RaoQ"
"7803",1.15759440745148,0.74833878338721,0.771855040207272,2.37670812884089,6.53333333333333
