"i","tmp.FRic","tmp.FEve","tmp.FDiv","tmp.FDis","tmp.RaoQ"
"7806",2.57934896522305,0.707433141378381,0.771113766194705,2.35951761667963,6.65
