"i","tmp.FRic","tmp.FEve","tmp.FDiv","tmp.FDis","tmp.RaoQ"
"7807",3.23452474672083,0.714581520455953,0.779530172258307,2.38728079137371,6.68181818181818
