"i","tmp.FRic","tmp.FEve","tmp.FDiv","tmp.FDis","tmp.RaoQ"
"7808",4.02971761051345,0.659858557341904,0.778044603608149,2.33809239891114,6.75
