"i","tmp.FRic","tmp.FEve","tmp.FDiv","tmp.FDis","tmp.RaoQ"
"7809",8.01952647571632,0.694362867026094,0.834011170284232,2.45511956881764,6.75862068965517
