"i","tmp.FRic","tmp.FEve","tmp.FDiv","tmp.FDis","tmp.RaoQ"
"7810",17.5214365271465,0.673878421488896,0.818621261383639,2.43105229864027,6.78787878787879
