"i","tmp.FRic","tmp.FEve","tmp.FDiv","tmp.FDis","tmp.RaoQ"
"7813",8.25509531535473,0.647122479584791,0.810000570430562,2.39322646868805,6.78125
