"i","tmp.FRic","tmp.FEve","tmp.FDiv","tmp.FDis","tmp.RaoQ"
"7877",0.495876016291049,0.685789896922204,0.746147848799054,2.21130579789736,5.83333333333333
