"i","tmp.FRic","tmp.FEve","tmp.FDiv","tmp.FDis","tmp.RaoQ"
"7882",0.94418388250819,0.779380966369469,0.713546088038822,2.09676992212291,5.25
