"i","tmp.FRic","tmp.FEve","tmp.FDiv","tmp.FDis","tmp.RaoQ"
"7888",4.70876627834835,0.793656071135048,0.762241995402028,2.30338907017228,6
