"i","tmp.FRic","tmp.FEve","tmp.FDiv","tmp.FDis","tmp.RaoQ"
"7894",3.74275766446217,0.746393478703301,0.779133953486124,2.388454300772,6.3
