"i","tmp.FRic","tmp.FEve","tmp.FDiv","tmp.FDis","tmp.RaoQ"
"7895",2.55842709346178,0.697582325628999,0.750611461480986,2.33425718763491,6.46153846153846
