"i","tmp.FRic","tmp.FEve","tmp.FDiv","tmp.FDis","tmp.RaoQ"
"7897",1.83846222378108,0.741634213428664,0.758033551153339,2.33766876083756,6.36363636363636
