"i","tmp.FRic","tmp.FEve","tmp.FDiv","tmp.FDis","tmp.RaoQ"
"7899",2.06187178779738,0.733150222388876,0.765135235164873,2.34582451527674,6.36363636363636
