"i","tmp.FRic","tmp.FEve","tmp.FDiv","tmp.FDis","tmp.RaoQ"
"7905",6.56019752400049,0.796101259409859,0.840266021902429,2.44731126602637,6.3
