"i","tmp.FRic","tmp.FEve","tmp.FDiv","tmp.FDis","tmp.RaoQ"
"7906",10.0248134954019,0.797694100881229,0.872846129380985,2.48079750866914,6.41666666666667
