"i","tmp.FRic","tmp.FEve","tmp.FDiv","tmp.FDis","tmp.RaoQ"
"7907",5.00928526234754,0.741691190336774,0.823682626984305,2.4091957683367,6.53333333333333
