"i","tmp.FRic","tmp.FEve","tmp.FDiv","tmp.FDis","tmp.RaoQ"
"7909",5.51684129212413,0.739528917287923,0.837063221921903,2.44600638736299,6.58823529411765
