"i","tmp.FRic","tmp.FEve","tmp.FDiv","tmp.FDis","tmp.RaoQ"
"7910",7.29838607961815,0.684908090630991,0.81801571912059,2.42481120276907,6.68181818181818
