"i","tmp.FRic","tmp.FEve","tmp.FDiv","tmp.FDis","tmp.RaoQ"
"7911",12.1054521788972,0.668326368079963,0.853371953385361,2.45545179827311,6.7741935483871
