"i","tmp.FRic","tmp.FEve","tmp.FDiv","tmp.FDis","tmp.RaoQ"
"7912",16.3003988104668,0.681584938508157,0.836323945035127,2.43938603183897,6.7741935483871
