"i","tmp.FRic","tmp.FEve","tmp.FDiv","tmp.FDis","tmp.RaoQ"
"7913",13.1919830979768,0.670777336284908,0.8426205807829,2.43725632256008,6.76666666666667
