"i","tmp.FRic","tmp.FEve","tmp.FDiv","tmp.FDis","tmp.RaoQ"
"7914",14.4222209335645,0.67305978628404,0.843163397050729,2.43320496065459,6.7741935483871
