"i","tmp.FRic","tmp.FEve","tmp.FDiv","tmp.FDis","tmp.RaoQ"
"7915",8.92216262716398,0.635598287696263,0.810185924949282,2.38246359729929,6.78787878787879
