"i","tmp.FRic","tmp.FEve","tmp.FDiv","tmp.FDis","tmp.RaoQ"
"7916",9.44786168690222,0.624079110036072,0.812713339220129,2.37757860036709,6.79411764705882
