"i","tmp.FRic","tmp.FEve","tmp.FDiv","tmp.FDis","tmp.RaoQ"
"7917",8.04487731232289,0.622251432931243,0.82287751832962,2.38897507584859,6.78125
