"i","tmp.FRic","tmp.FEve","tmp.FDiv","tmp.FDis","tmp.RaoQ"
"7980",0.587902849471561,0.816032660583423,0.761715986463789,2.30486360719936,6
