"i","tmp.FRic","tmp.FEve","tmp.FDiv","tmp.FDis","tmp.RaoQ"
"7986",0.54770537726413,0.841317073353825,0.723269601152773,2.18408367053811,5.6
