"i","tmp.FRic","tmp.FEve","tmp.FDiv","tmp.FDis","tmp.RaoQ"
"7991",0.967381457316778,0.881267995888993,0.776580003389498,2.25401104948531,5.6
