"i","tmp.FRic","tmp.FEve","tmp.FDiv","tmp.FDis","tmp.RaoQ"
"7992",2.62164884333313,0.811342924537546,0.739899504138642,2.25956708816977,5.83333333333333
