"i","tmp.FRic","tmp.FEve","tmp.FDiv","tmp.FDis","tmp.RaoQ"
"7995",2.22775090136399,0.831206885130258,0.787847946107711,2.37244143562328,6.125
