"i","tmp.FRic","tmp.FEve","tmp.FDiv","tmp.FDis","tmp.RaoQ"
"7998",1.50964630384016,0.666111333563962,0.757395886235883,2.30777137292408,6.41666666666667
