"i","tmp.FRic","tmp.FEve","tmp.FDiv","tmp.FDis","tmp.RaoQ"
"8001",2.61093833685708,0.735405236315556,0.771607454312955,2.36280640808129,6.41666666666667
