"i","tmp.FRic","tmp.FEve","tmp.FDiv","tmp.FDis","tmp.RaoQ"
"8003",4.76669322946326,0.745842678654815,0.780961101136184,2.39199191955122,6.5
