"i","tmp.FRic","tmp.FEve","tmp.FDiv","tmp.FDis","tmp.RaoQ"
"8004",2.99318321698462,0.748830615080756,0.787491339076073,2.37726103535507,6.41666666666667
