"i","tmp.FRic","tmp.FEve","tmp.FDiv","tmp.FDis","tmp.RaoQ"
"8006",8.23712649266707,0.740617314385103,0.83572931601109,2.42989006373688,6.36363636363636
