"i","tmp.FRic","tmp.FEve","tmp.FDiv","tmp.FDis","tmp.RaoQ"
"8007",7.45685269667507,0.772711322793267,0.855031556234446,2.46959127019297,6.36363636363636
