"i","tmp.FRic","tmp.FEve","tmp.FDiv","tmp.FDis","tmp.RaoQ"
"8008",11.1993016112831,0.74207390571659,0.870091807648651,2.46735479411088,6.46153846153846
