"i","tmp.FRic","tmp.FEve","tmp.FDiv","tmp.FDis","tmp.RaoQ"
"8011",5.99627393919323,0.71221169603309,0.841012802025897,2.4378549633458,6.61111111111111
