"i","tmp.FRic","tmp.FEve","tmp.FDiv","tmp.FDis","tmp.RaoQ"
"8012",7.92940497478014,0.673346612338784,0.820960727151894,2.41888109664585,6.66666666666667
