"i","tmp.FRic","tmp.FEve","tmp.FDiv","tmp.FDis","tmp.RaoQ"
"8013",12.4745377391738,0.677744579285714,0.841628209446515,2.43324722295749,6.75862068965517
