"i","tmp.FRic","tmp.FEve","tmp.FDiv","tmp.FDis","tmp.RaoQ"
"8016",15.3663248189005,0.65870721091922,0.842911893430463,2.42113269795915,6.78125
