"i","tmp.FRic","tmp.FEve","tmp.FDiv","tmp.FDis","tmp.RaoQ"
"8017",15.3337549819734,0.630678763799102,0.851095942916348,2.40676611384028,6.78125
