"i","tmp.FRic","tmp.FEve","tmp.FDiv","tmp.FDis","tmp.RaoQ"
"8018",17.8622707118746,0.620253533544462,0.859139403642292,2.40329064644477,6.80555555555556
