"i","tmp.FRic","tmp.FEve","tmp.FDiv","tmp.FDis","tmp.RaoQ"
"8019",10.2257943788104,0.598731101577532,0.813605918125078,2.36631523455332,6.79411764705883
