"i","tmp.FRic","tmp.FEve","tmp.FDiv","tmp.FDis","tmp.RaoQ"
"8081",0.647458082193521,0.790700713216364,NA,2.17318699235617,5.25
