"i","tmp.FRic","tmp.FEve","tmp.FDiv","tmp.FDis","tmp.RaoQ"
"8085",4.43346208262511,0.762940082774874,0.660355135598138,2.1118879935609,5.83333333333333
