"i","tmp.FRic","tmp.FEve","tmp.FDiv","tmp.FDis","tmp.RaoQ"
"8094",1.24267132415194,0.837164634548282,0.764786329971596,2.31779802206003,6
