"i","tmp.FRic","tmp.FEve","tmp.FDiv","tmp.FDis","tmp.RaoQ"
"8095",2.95595673612062,0.839915739448175,0.76453121380707,2.33297514265652,6.125
