"i","tmp.FRic","tmp.FEve","tmp.FDiv","tmp.FDis","tmp.RaoQ"
"8099",5.63637812588377,0.686505823995357,0.773317217171935,2.36334547246772,6.41666666666667
