"i","tmp.FRic","tmp.FEve","tmp.FDiv","tmp.FDis","tmp.RaoQ"
"8100",2.12598135879484,0.737413780960502,0.753958912211457,2.35211773351432,6.41666666666667
