"i","tmp.FRic","tmp.FEve","tmp.FDiv","tmp.FDis","tmp.RaoQ"
"8101",0.539008257498891,0.706767034645661,0.757035970032021,2.32378067622682,6.3
