"i","tmp.FRic","tmp.FEve","tmp.FDiv","tmp.FDis","tmp.RaoQ"
"8102",2.06956582551042,0.734152258837312,0.781611739705429,2.36432468757586,6.36363636363636
