"i","tmp.FRic","tmp.FEve","tmp.FDiv","tmp.FDis","tmp.RaoQ"
"8103",1.93956518130661,0.700142568270762,0.7684218603321,2.40639831937989,6.46153846153846
