"i","tmp.FRic","tmp.FEve","tmp.FDiv","tmp.FDis","tmp.RaoQ"
"8106",4.00910045828804,0.743991971843384,0.784546297242484,2.38948902636,6.46153846153846
