"i","tmp.FRic","tmp.FEve","tmp.FDiv","tmp.FDis","tmp.RaoQ"
"8108",8.75363907318645,0.795780222215488,0.845195855180345,2.44804234675117,6.36363636363636
