"i","tmp.FRic","tmp.FEve","tmp.FDiv","tmp.FDis","tmp.RaoQ"
"8109",9.77935154112124,0.774903287603093,0.860879062063882,2.46816683218171,6.41666666666667
