"i","tmp.FRic","tmp.FEve","tmp.FDiv","tmp.FDis","tmp.RaoQ"
"8110",9.29970554980073,0.745370604162226,0.862252565953295,2.46997327075793,6.41666666666667
