"i","tmp.FRic","tmp.FEve","tmp.FDiv","tmp.FDis","tmp.RaoQ"
"8112",5.50688473124806,0.76258915251557,0.820517353605882,2.41849185887431,6.53333333333333
