"i","tmp.FRic","tmp.FEve","tmp.FDiv","tmp.FDis","tmp.RaoQ"
"8115",11.955739169118,0.626677393759641,0.840463714589217,2.42721923570782,6.75862068965517
