"i","tmp.FRic","tmp.FEve","tmp.FDiv","tmp.FDis","tmp.RaoQ"
"8116",17.3532747869547,0.665956057343986,0.836140401159921,2.42781880468277,6.78125
