"i","tmp.FRic","tmp.FEve","tmp.FDiv","tmp.FDis","tmp.RaoQ"
"8117",14.070556283198,0.655420855412924,0.842292221457548,2.42503600163588,6.7741935483871
