"i","tmp.FRic","tmp.FEve","tmp.FDiv","tmp.FDis","tmp.RaoQ"
"8118",15.1257180988807,0.633624003424686,0.853984415278456,2.41803200312388,6.78125
