"i","tmp.FRic","tmp.FEve","tmp.FDiv","tmp.FDis","tmp.RaoQ"
"8119",18.1299621057186,0.602902969727703,0.856767981106917,2.36761302929644,6.78125
