"i","tmp.FRic","tmp.FEve","tmp.FDiv","tmp.FDis","tmp.RaoQ"
"8183",3.29931399975369,0.792368942337109,0.678492928992522,2.15744511628896,5.83333333333333
