"i","tmp.FRic","tmp.FEve","tmp.FDiv","tmp.FDis","tmp.RaoQ"
"8184",1.74033004672398,0.77950565769934,0.696481284392784,2.12539735396221,5.6
