"i","tmp.FRic","tmp.FEve","tmp.FDiv","tmp.FDis","tmp.RaoQ"
"8192",2.60890050345423,0.836831244398936,0.754592088472386,2.27087778588458,5.83333333333333
