"i","tmp.FRic","tmp.FEve","tmp.FDiv","tmp.FDis","tmp.RaoQ"
"8199",1.66361687364201,0.884837375215265,0.792802806596363,2.3539163006229,6
