"i","tmp.FRic","tmp.FEve","tmp.FDiv","tmp.FDis","tmp.RaoQ"
"8200",3.10336914101177,0.783348458056774,0.7780250271049,2.37613775222986,6.22222222222222
