"i","tmp.FRic","tmp.FEve","tmp.FDiv","tmp.FDis","tmp.RaoQ"
"8202",1.7306922926113,0.76579946851658,0.75799477215406,2.34736559222892,6.36363636363636
