"i","tmp.FRic","tmp.FEve","tmp.FDiv","tmp.FDis","tmp.RaoQ"
"8203",2.24488790200406,0.772796643957032,0.780677864337426,2.37120037386982,6.36363636363636
