"i","tmp.FRic","tmp.FEve","tmp.FDiv","tmp.FDis","tmp.RaoQ"
"8205",1.79274965378428,0.724894055492874,0.787429562038212,2.41057059261521,6.41666666666667
