"i","tmp.FRic","tmp.FEve","tmp.FDiv","tmp.FDis","tmp.RaoQ"
"8206",1.12420496109299,0.693882386722234,0.797210172656167,2.40847230500033,6.36363636363636
