"i","tmp.FRic","tmp.FEve","tmp.FDiv","tmp.FDis","tmp.RaoQ"
"8211",4.56070479325594,0.763501135792699,0.810487088491924,2.42583395723425,6.5
