"i","tmp.FRic","tmp.FEve","tmp.FDiv","tmp.FDis","tmp.RaoQ"
"8213",12.7272522727914,0.756857768445228,0.86177788414454,2.47532699938005,6.5
