"i","tmp.FRic","tmp.FEve","tmp.FDiv","tmp.FDis","tmp.RaoQ"
"8214",6.82340063063141,0.685354940456819,0.827918855320294,2.39787453160904,6.58823529411765
