"i","tmp.FRic","tmp.FEve","tmp.FDiv","tmp.FDis","tmp.RaoQ"
"8215",6.55760277921129,0.683415459611594,0.843990640756162,2.42672698010569,6.63157894736842
