"i","tmp.FRic","tmp.FEve","tmp.FDiv","tmp.FDis","tmp.RaoQ"
"8216",8.57590315830474,0.651454398354164,0.822410662445607,2.40802298037252,6.68181818181818
