"i","tmp.FRic","tmp.FEve","tmp.FDiv","tmp.FDis","tmp.RaoQ"
"8217",10.8136195010106,0.619110966812226,0.833191729274091,2.38329018351636,6.73076923076923
