"i","tmp.FRic","tmp.FEve","tmp.FDiv","tmp.FDis","tmp.RaoQ"
"8218",11.4610789555759,0.608730639402578,0.828629318259523,2.37267703290223,6.75862068965517
