"i","tmp.FRic","tmp.FEve","tmp.FDiv","tmp.FDis","tmp.RaoQ"
"8219",16.4340068802546,0.601461447896463,0.843153871652914,2.37601661109377,6.76666666666666
