"i","tmp.FRic","tmp.FEve","tmp.FDiv","tmp.FDis","tmp.RaoQ"
"8220",18.5294566837464,0.575581065481262,0.860955219401354,2.35031466735969,6.78125
