"i","tmp.FRic","tmp.FEve","tmp.FDiv","tmp.FDis","tmp.RaoQ"
"8284",1.22807150790725,0.575013884777123,0.610342948068564,1.84432839217765,5.25
