"i","tmp.FRic","tmp.FEve","tmp.FDiv","tmp.FDis","tmp.RaoQ"
"8291",0.991998021282312,0.78739828339233,0.698144857444256,2.19661193904921,5.83333333333333
