"i","tmp.FRic","tmp.FEve","tmp.FDiv","tmp.FDis","tmp.RaoQ"
"8301",2.36373715923181,0.819967705895466,0.776639605261739,2.36156700614544,6.125
