"i","tmp.FRic","tmp.FEve","tmp.FDiv","tmp.FDis","tmp.RaoQ"
"8302",4.02686306053856,0.756500255736241,0.775004291039396,2.37762557765975,6.3
