"i","tmp.FRic","tmp.FEve","tmp.FDiv","tmp.FDis","tmp.RaoQ"
"8305",2.79121806547943,0.778682644977919,0.781836792928271,2.38550171814482,6.41666666666667
