"i","tmp.FRic","tmp.FEve","tmp.FDiv","tmp.FDis","tmp.RaoQ"
"8313",5.12460763475048,0.716704388998965,0.809875918540743,2.41463271918021,6.53333333333333
