"i","tmp.FRic","tmp.FEve","tmp.FDiv","tmp.FDis","tmp.RaoQ"
"8315",12.7227978571793,0.719575008658226,0.871087068270655,2.46824937077974,6.53333333333333
