"i","tmp.FRic","tmp.FEve","tmp.FDiv","tmp.FDis","tmp.RaoQ"
"8316",6.58967041378459,0.679137588421579,0.841110366111888,2.41024232505619,6.58823529411765
