"i","tmp.FRic","tmp.FEve","tmp.FDiv","tmp.FDis","tmp.RaoQ"
"8317",5.43991353858213,0.67519578347712,0.839426520996392,2.39224575667588,6.5625
