"i","tmp.FRic","tmp.FEve","tmp.FDiv","tmp.FDis","tmp.RaoQ"
"8318",7.61496614058138,0.634394622910847,0.833483856651791,2.40671925810737,6.66666666666667
