"i","tmp.FRic","tmp.FEve","tmp.FDiv","tmp.FDis","tmp.RaoQ"
"8319",8.86020414832373,0.603780170321276,0.843144335671793,2.39305884682695,6.70833333333333
