"i","tmp.FRic","tmp.FEve","tmp.FDiv","tmp.FDis","tmp.RaoQ"
"8320",18.5699920572327,0.577619768324819,0.830906951667329,2.33052441208608,6.73076923076923
