"i","tmp.FRic","tmp.FEve","tmp.FDiv","tmp.FDis","tmp.RaoQ"
"8321",21.6594666094389,0.600275566896345,0.835925605290174,2.36603878272531,6.78125
