"i","tmp.FRic","tmp.FEve","tmp.FDiv","tmp.FDis","tmp.RaoQ"
"838",4.08365469194501,0.751188729490029,0.864229164626263,2.39705223849282,6
