"i","tmp.FRic","tmp.FEve","tmp.FDiv","tmp.FDis","tmp.RaoQ"
"8386",5.81678210063221,0.785813068865723,0.698460259840393,2.04915154053485,5.25
