"i","tmp.FRic","tmp.FEve","tmp.FDiv","tmp.FDis","tmp.RaoQ"
"839",7.9183942221444,0.594711356400607,0.868235960224393,2.45949639894117,6.36363636363636
