"i","tmp.FRic","tmp.FEve","tmp.FDiv","tmp.FDis","tmp.RaoQ"
"8391",9.12248636126943,0.807889834948504,0.731974815523901,2.26552114377997,6
