"i","tmp.FRic","tmp.FEve","tmp.FDiv","tmp.FDis","tmp.RaoQ"
"8392",5.83398082867517,0.802853599229507,0.719216939518866,2.26788608605328,6.125
