"i","tmp.FRic","tmp.FEve","tmp.FDiv","tmp.FDis","tmp.RaoQ"
"8395",0.26506598860354,0.860005793934712,0.751303867283643,2.26715299154712,5.83333333333333
