"i","tmp.FRic","tmp.FEve","tmp.FDiv","tmp.FDis","tmp.RaoQ"
"840",4.85340243040724,0.600668012613422,0.805856833138038,2.42117116752954,6.36363636363636
