"i","tmp.FRic","tmp.FEve","tmp.FDiv","tmp.FDis","tmp.RaoQ"
"8403",3.81807923722637,0.7943644192029,0.763872085800465,2.35860476526584,6.22222222222222
