"i","tmp.FRic","tmp.FEve","tmp.FDiv","tmp.FDis","tmp.RaoQ"
"8404",5.78796429478648,0.760609845571059,0.76358769343101,2.37051386464816,6.36363636363636
