"i","tmp.FRic","tmp.FEve","tmp.FDiv","tmp.FDis","tmp.RaoQ"
"8407",3.50184372130197,0.772345136111806,0.759528906536728,2.36221540328531,6.46153846153846
