"i","tmp.FRic","tmp.FEve","tmp.FDiv","tmp.FDis","tmp.RaoQ"
"841",19.194496163486,0.7065911959304,0.849637324332984,2.49486005588823,6.5
