"i","tmp.FRic","tmp.FEve","tmp.FDiv","tmp.FDis","tmp.RaoQ"
"8410",2.26953688765231,0.720806023316577,0.760303084671264,2.37943105787168,6.46153846153846
