"i","tmp.FRic","tmp.FEve","tmp.FDiv","tmp.FDis","tmp.RaoQ"
"8411",1.63695250734475,0.728009214888531,0.795348770205149,2.42051616739325,6.41666666666667
