"i","tmp.FRic","tmp.FEve","tmp.FDiv","tmp.FDis","tmp.RaoQ"
"8413",5.1474664919414,0.765888605704758,0.788042611919349,2.40741759414823,6.5
