"i","tmp.FRic","tmp.FEve","tmp.FDiv","tmp.FDis","tmp.RaoQ"
"8414",4.09395510327929,0.783927734042296,0.794113358142329,2.40113634424698,6.46153846153846
