"i","tmp.FRic","tmp.FEve","tmp.FDiv","tmp.FDis","tmp.RaoQ"
"8415",13.3513904312344,0.736285542664694,0.860081707273632,2.46283629241777,6.53333333333333
