"i","tmp.FRic","tmp.FEve","tmp.FDiv","tmp.FDis","tmp.RaoQ"
"8417",15.5548694654774,0.681513781300869,0.844867390703808,2.43947245204094,6.58823529411765
