"i","tmp.FRic","tmp.FEve","tmp.FDiv","tmp.FDis","tmp.RaoQ"
"8418",7.36401030686161,0.649817937358241,0.823683540276781,2.39475074830432,6.61111111111111
