"i","tmp.FRic","tmp.FEve","tmp.FDiv","tmp.FDis","tmp.RaoQ"
"8419",8.98461231396356,0.599048845548442,0.82765075706823,2.36563556723586,6.65
