"i","tmp.FRic","tmp.FEve","tmp.FDiv","tmp.FDis","tmp.RaoQ"
"8420",9.18875283084015,0.585083156785303,0.841424928302456,2.37919021561845,6.69565217391304
