"i","tmp.FRic","tmp.FEve","tmp.FDiv","tmp.FDis","tmp.RaoQ"
"8421",13.7346076281895,0.547121990098689,0.831195998678848,2.31951078113307,6.69565217391304
