"i","tmp.FRic","tmp.FEve","tmp.FDiv","tmp.FDis","tmp.RaoQ"
"8422",20.1197574846209,0.583289648685488,0.830782405545075,2.32888658224969,6.74074074074074
