"i","tmp.FRic","tmp.FEve","tmp.FDiv","tmp.FDis","tmp.RaoQ"
"8423",20.1796822221279,0.581438690176016,0.846757981162667,2.33912446115947,6.76666666666667
