"i","tmp.FRic","tmp.FEve","tmp.FDiv","tmp.FDis","tmp.RaoQ"
"8424",21.1366536819785,0.602612079979545,0.854198526739229,2.37089009647298,6.78125
