"i","tmp.FRic","tmp.FEve","tmp.FDiv","tmp.FDis","tmp.RaoQ"
"8425",17.2219815034006,0.589801318195597,0.86127104073102,2.36577805658404,6.7741935483871
