"i","tmp.FRic","tmp.FEve","tmp.FDiv","tmp.FDis","tmp.RaoQ"
"843",20.5698746831741,0.747479413842088,0.847607369011458,2.49394490713904,6.5
