"i","tmp.FRic","tmp.FEve","tmp.FDiv","tmp.FDis","tmp.RaoQ"
"848",2.96109715688565,0.709726510876358,0.767646510757409,2.31975247233967,6
