"i","tmp.FRic","tmp.FEve","tmp.FDiv","tmp.FDis","tmp.RaoQ"
"849",2.41158323408181,0.734492808487652,0.802610710459201,2.38867189785787,6.22222222222222
