"i","tmp.FRic","tmp.FEve","tmp.FDiv","tmp.FDis","tmp.RaoQ"
"8502",2.17836106755613,0.878071932388596,0.790016215470237,2.34855046917357,6
