"i","tmp.FRic","tmp.FEve","tmp.FDiv","tmp.FDis","tmp.RaoQ"
"8504",3.69261229231093,0.806066971999258,0.75941312952888,2.35193731120765,6.22222222222222
