"i","tmp.FRic","tmp.FEve","tmp.FDiv","tmp.FDis","tmp.RaoQ"
"8505",6.42466022043102,0.78148385469152,0.789057079502142,2.39681192373271,6.36363636363636
