"i","tmp.FRic","tmp.FEve","tmp.FDiv","tmp.FDis","tmp.RaoQ"
"8513",2.83044190868032,0.794985193117916,0.801042723788504,2.38686231709122,6.41666666666667
