"i","tmp.FRic","tmp.FEve","tmp.FDiv","tmp.FDis","tmp.RaoQ"
"8515",3.40546197662572,0.807346502214723,0.815417683790137,2.40942904370361,6.41666666666667
