"i","tmp.FRic","tmp.FEve","tmp.FDiv","tmp.FDis","tmp.RaoQ"
"8516",9.63590614420493,0.778320509202738,0.836317330025791,2.46006713378149,6.41666666666667
