"i","tmp.FRic","tmp.FEve","tmp.FDiv","tmp.FDis","tmp.RaoQ"
"8517",14.3609989166765,0.710130763706872,0.865269158824341,2.45259769222538,6.5625
