"i","tmp.FRic","tmp.FEve","tmp.FDiv","tmp.FDis","tmp.RaoQ"
"8520",10.1145789383317,0.598143495019259,0.824787758689184,2.3522110307791,6.66666666666667
