"i","tmp.FRic","tmp.FEve","tmp.FDiv","tmp.FDis","tmp.RaoQ"
"8522",20.6593862459365,0.569847835144382,0.858435688444545,2.38351598409873,6.66666666666667
