"i","tmp.FRic","tmp.FEve","tmp.FDiv","tmp.FDis","tmp.RaoQ"
"8523",12.4367645663065,0.567009423639029,0.830519447033223,2.33778515690363,6.68181818181818
