"i","tmp.FRic","tmp.FEve","tmp.FDiv","tmp.FDis","tmp.RaoQ"
"8524",18.1906928328536,0.584544362817487,0.836588783023202,2.35842492053377,6.73076923076923
