"i","tmp.FRic","tmp.FEve","tmp.FDiv","tmp.FDis","tmp.RaoQ"
"8525",22.6646228806782,0.582304702061829,0.851784235925418,2.35295714810955,6.76666666666667
