"i","tmp.FRic","tmp.FEve","tmp.FDiv","tmp.FDis","tmp.RaoQ"
"8591",3.59395831135313,0.730526208328982,0.664238229347561,2.09430583032979,5.6
