"i","tmp.FRic","tmp.FEve","tmp.FDiv","tmp.FDis","tmp.RaoQ"
"8593",4.85038189182399,0.791386145395962,0.663636729841712,2.16298211799904,6
