"i","tmp.FRic","tmp.FEve","tmp.FDiv","tmp.FDis","tmp.RaoQ"
"8594",10.5604458020331,0.81640017443359,0.718548975579753,2.27499977576758,6.125
