"i","tmp.FRic","tmp.FEve","tmp.FDiv","tmp.FDis","tmp.RaoQ"
"8597",1.74260523305181,0.842157787008357,0.772053773784918,2.33625016286054,6.125
