"i","tmp.FRic","tmp.FEve","tmp.FDiv","tmp.FDis","tmp.RaoQ"
"8606",1.74453139887669,0.806980615736988,0.748221910078223,2.34057149207077,6.36363636363636
