"i","tmp.FRic","tmp.FEve","tmp.FDiv","tmp.FDis","tmp.RaoQ"
"8616",0.945305936629356,0.774216176527572,0.765339547838842,2.33504047678895,6.46153846153846
