"i","tmp.FRic","tmp.FEve","tmp.FDiv","tmp.FDis","tmp.RaoQ"
"8617",4.3792364796773,0.755872194011256,0.809163345597969,2.38459838704959,6.5
