"i","tmp.FRic","tmp.FEve","tmp.FDiv","tmp.FDis","tmp.RaoQ"
"8618",5.72861020254145,0.672441015202672,0.785982261267024,2.35219208165814,6.5625
