"i","tmp.FRic","tmp.FEve","tmp.FDiv","tmp.FDis","tmp.RaoQ"
"8619",7.6723801348007,0.674308499580646,0.796967858957183,2.372425433551,6.61111111111111
