"i","tmp.FRic","tmp.FEve","tmp.FDiv","tmp.FDis","tmp.RaoQ"
"8624",10.9167000407147,0.56330482343302,0.811160152267781,2.3271797702909,6.68181818181818
