"i","tmp.FRic","tmp.FEve","tmp.FDiv","tmp.FDis","tmp.RaoQ"
"8625",10.0681865515654,0.54649118149294,0.813745515783028,2.30254920817933,6.66666666666667
