"i","tmp.FRic","tmp.FEve","tmp.FDiv","tmp.FDis","tmp.RaoQ"
"8626",9.6976706909427,0.561025862142895,0.799178362039691,2.27066770049115,6.74074074074074
