"i","tmp.FRic","tmp.FEve","tmp.FDiv","tmp.FDis","tmp.RaoQ"
"8627",9.33285358386466,0.562865280577568,0.808019437443417,2.29837481163786,6.75
