"i","tmp.FRic","tmp.FEve","tmp.FDiv","tmp.FDis","tmp.RaoQ"
"8698",4.43603169372119,0.806936227096429,0.7344027003535,2.27293029234185,6
