"i","tmp.FRic","tmp.FEve","tmp.FDiv","tmp.FDis","tmp.RaoQ"
"8699",2.7733182807831,0.845730104402285,0.816109790023007,2.31751602244593,5.83333333333333
