"i","tmp.FRic","tmp.FEve","tmp.FDiv","tmp.FDis","tmp.RaoQ"
"8704",1.58180174628851,0.913880991306813,0.798194928730984,2.34389529938079,6
