"i","tmp.FRic","tmp.FEve","tmp.FDiv","tmp.FDis","tmp.RaoQ"
"8705",0.424916112593658,0.857517062293001,0.752345341617848,2.30933771036365,6.125
