"i","tmp.FRic","tmp.FEve","tmp.FDiv","tmp.FDis","tmp.RaoQ"
"8706",1.0884103714592,0.861926952271653,0.765801340966275,2.34153473259313,6.22222222222222
