"i","tmp.FRic","tmp.FEve","tmp.FDiv","tmp.FDis","tmp.RaoQ"
"8707",1.42429522759115,0.82716360065513,0.746017593065208,2.33338354585067,6.3
