"i","tmp.FRic","tmp.FEve","tmp.FDiv","tmp.FDis","tmp.RaoQ"
"8713",7.46702936117364,0.771552247014382,0.785640439475874,2.40553875926369,6.41666666666667
