"i","tmp.FRic","tmp.FEve","tmp.FDiv","tmp.FDis","tmp.RaoQ"
"8716",2.19271336534434,0.763295632017346,0.759324956157918,2.35344092373568,6.41666666666667
