"i","tmp.FRic","tmp.FEve","tmp.FDiv","tmp.FDis","tmp.RaoQ"
"8717",3.1443326890544,0.736637855219303,0.780227596988939,2.34162786300495,6.46153846153846
