"i","tmp.FRic","tmp.FEve","tmp.FDiv","tmp.FDis","tmp.RaoQ"
"8718",3.58562972345325,0.689642289449252,0.782724702429154,2.32694451970931,6.5
