"i","tmp.FRic","tmp.FEve","tmp.FDiv","tmp.FDis","tmp.RaoQ"
"8719",5.14364030428183,0.710945302732718,0.802203776152518,2.3642707532672,6.53333333333333
