"i","tmp.FRic","tmp.FEve","tmp.FDiv","tmp.FDis","tmp.RaoQ"
"8720",3.58276426931235,0.632652179115744,0.764005991682141,2.30011017206822,6.65
