"i","tmp.FRic","tmp.FEve","tmp.FDiv","tmp.FDis","tmp.RaoQ"
"8721",3.33609202003864,0.608786624641785,0.780404635253213,2.31952322059695,6.65
