"i","tmp.FRic","tmp.FEve","tmp.FDiv","tmp.FDis","tmp.RaoQ"
"8722",4.32436309306102,0.588137339477677,0.788270206461106,2.29940316839775,6.68181818181818
