"i","tmp.FRic","tmp.FEve","tmp.FDiv","tmp.FDis","tmp.RaoQ"
"8724",4.48372969568071,0.590048037208516,0.78605018175541,2.30067995066209,6.68181818181818
