"i","tmp.FRic","tmp.FEve","tmp.FDiv","tmp.FDis","tmp.RaoQ"
"8727",6.33558574943188,0.542281977458785,0.798181329135504,2.27595563714223,6.72
