"i","tmp.FRic","tmp.FEve","tmp.FDiv","tmp.FDis","tmp.RaoQ"
"8728",7.21529794868503,0.589956753063687,0.800119293287791,2.31395065764406,6.74074074074074
