"i","tmp.FRic","tmp.FEve","tmp.FDiv","tmp.FDis","tmp.RaoQ"
"8729",7.81574343200645,0.561459921177839,0.79661379078137,2.27058369263122,6.72
