"i","tmp.FRic","tmp.FEve","tmp.FDiv","tmp.FDis","tmp.RaoQ"
"8794",0.468225582809243,0.798660999783873,0.705621858748568,2.10126690724303,5.25
