"i","tmp.FRic","tmp.FEve","tmp.FDiv","tmp.FDis","tmp.RaoQ"
"8805",0.470272971847257,0.890514917855199,0.781868760037832,2.30905670002035,5.83333333333333
