"i","tmp.FRic","tmp.FEve","tmp.FDiv","tmp.FDis","tmp.RaoQ"
"8816",2.70642904956633,0.754722880371188,0.747748900906302,2.34314489649179,6.46153846153846
