"i","tmp.FRic","tmp.FEve","tmp.FDiv","tmp.FDis","tmp.RaoQ"
"8818",2.23604746493568,0.703693299109238,0.761381594880705,2.32531831118008,6.41666666666667
