"i","tmp.FRic","tmp.FEve","tmp.FDiv","tmp.FDis","tmp.RaoQ"
"8819",3.69707441754739,0.655924527992675,0.766225536254542,2.29877291328938,6.5
