"i","tmp.FRic","tmp.FEve","tmp.FDiv","tmp.FDis","tmp.RaoQ"
"8820",4.47875045212449,0.687122945046979,0.786531934383191,2.31876257788325,6.53333333333333
