"i","tmp.FRic","tmp.FEve","tmp.FDiv","tmp.FDis","tmp.RaoQ"
"8821",5.77923331596629,0.672626128536099,0.784040784267034,2.34920086262325,6.5625
