"i","tmp.FRic","tmp.FEve","tmp.FDiv","tmp.FDis","tmp.RaoQ"
"8823",2.48576274815439,0.638500149063594,0.769184270885848,2.31017696316379,6.61111111111111
