"i","tmp.FRic","tmp.FEve","tmp.FDiv","tmp.FDis","tmp.RaoQ"
"8824",3.72286612802918,0.584274963003739,0.782336957494335,2.30509909792875,6.66666666666667
