"i","tmp.FRic","tmp.FEve","tmp.FDiv","tmp.FDis","tmp.RaoQ"
"8826",4.04145664145064,0.611196688449206,0.783008809131548,2.30912064415832,6.66666666666667
