"i","tmp.FRic","tmp.FEve","tmp.FDiv","tmp.FDis","tmp.RaoQ"
"8827",5.01285736630341,0.569943884119883,0.787954835677651,2.28534540670815,6.69565217391304
