"i","tmp.FRic","tmp.FEve","tmp.FDiv","tmp.FDis","tmp.RaoQ"
"8828",5.60932917009829,0.558174351655161,0.786584658731046,2.24444703801042,6.70833333333333
