"i","tmp.FRic","tmp.FEve","tmp.FDiv","tmp.FDis","tmp.RaoQ"
"8829",6.26376165376992,0.541379186427299,0.788168377835988,2.22753812643094,6.72
