"i","tmp.FRic","tmp.FEve","tmp.FDiv","tmp.FDis","tmp.RaoQ"
"8900",2.98538754813464,0.744272716109246,0.68032277825803,2.10259839896599,5.6
