"i","tmp.FRic","tmp.FEve","tmp.FDiv","tmp.FDis","tmp.RaoQ"
"8902",5.33121290607202,0.791625171384613,0.791867283102818,2.27602901998984,5.6
