"i","tmp.FRic","tmp.FEve","tmp.FDiv","tmp.FDis","tmp.RaoQ"
"8907",1.41021489626234,0.882556807558757,0.836319288678904,2.30508189171529,5.6
