"i","tmp.FRic","tmp.FEve","tmp.FDiv","tmp.FDis","tmp.RaoQ"
"8909",2.72491971879322,0.85118797493164,0.751853309289886,2.31787804100651,6.125
