"i","tmp.FRic","tmp.FEve","tmp.FDiv","tmp.FDis","tmp.RaoQ"
"8910",3.55369624254154,0.82352917242566,0.735132659386787,2.30731661192226,6.22222222222222
