"i","tmp.FRic","tmp.FEve","tmp.FDiv","tmp.FDis","tmp.RaoQ"
"8921",3.05970309784644,0.695341124605071,0.771756893994015,2.32691646880783,6.46153846153846
