"i","tmp.FRic","tmp.FEve","tmp.FDiv","tmp.FDis","tmp.RaoQ"
"8923",4.26054818242084,0.622606769274405,0.747529304233926,2.28173837168615,6.53333333333333
