"i","tmp.FRic","tmp.FEve","tmp.FDiv","tmp.FDis","tmp.RaoQ"
"8924",2.91860882280541,0.60868497133227,0.767655585109239,2.28829685079677,6.63157894736842
