"i","tmp.FRic","tmp.FEve","tmp.FDiv","tmp.FDis","tmp.RaoQ"
"8925",2.86610964657023,0.608298873708402,0.768961276268823,2.29169124110559,6.63157894736842
