"i","tmp.FRic","tmp.FEve","tmp.FDiv","tmp.FDis","tmp.RaoQ"
"8926",3.29432021201535,0.581457369364714,0.769207984374279,2.27201375065586,6.65
