"i","tmp.FRic","tmp.FEve","tmp.FDiv","tmp.FDis","tmp.RaoQ"
"8927",3.1307701653752,0.578170644996591,0.775109114087605,2.27832700482049,6.65
