"i","tmp.FRic","tmp.FEve","tmp.FDiv","tmp.FDis","tmp.RaoQ"
"8929",3.8576492580177,0.581761887493214,0.778270921410814,2.26588342715282,6.66666666666667
