"i","tmp.FRic","tmp.FEve","tmp.FDiv","tmp.FDis","tmp.RaoQ"
"8930",4.95833209912077,0.565555328956212,0.786620444357799,2.26200105233376,6.69565217391304
