"i","tmp.FRic","tmp.FEve","tmp.FDiv","tmp.FDis","tmp.RaoQ"
"8982",4.82962459310701,0.703052546860503,0.8088677084439,2.29386981812965,5.83333333333333
