"i","tmp.FRic","tmp.FEve","tmp.FDiv","tmp.FDis","tmp.RaoQ"
"8997",0.295401333631608,0.82900955998488,0.750848565249148,2.2315971008802,5.6
