"i","tmp.FRic","tmp.FEve","tmp.FDiv","tmp.FDis","tmp.RaoQ"
"8998",1.70110532579906,0.816312539039494,0.729043979895206,2.23983017667941,5.83333333333333
