"i","tmp.FRic","tmp.FEve","tmp.FDiv","tmp.FDis","tmp.RaoQ"
"9011",4.40268148982377,0.793103137456866,0.743038551370089,2.32761499602501,6.3
