"i","tmp.FRic","tmp.FEve","tmp.FDiv","tmp.FDis","tmp.RaoQ"
"9012",5.41490908840544,0.762165688037214,0.740390752963367,2.32079768092789,6.36363636363636
