"i","tmp.FRic","tmp.FEve","tmp.FDiv","tmp.FDis","tmp.RaoQ"
"9019",3.36500321882986,0.745146220618881,0.748861288638039,2.33908758709243,6.5
