"i","tmp.FRic","tmp.FEve","tmp.FDiv","tmp.FDis","tmp.RaoQ"
"9022",2.38922038803906,0.722404291857304,0.77607433798272,2.34375499007707,6.41666666666667
