"i","tmp.FRic","tmp.FEve","tmp.FDiv","tmp.FDis","tmp.RaoQ"
"9024",2.92418039270117,0.675112562550744,0.768807561997793,2.31599810409256,6.46153846153846
