"i","tmp.FRic","tmp.FEve","tmp.FDiv","tmp.FDis","tmp.RaoQ"
"9025",3.90114334599011,0.617980056370403,0.776933813219999,2.29200216258714,6.53333333333333
