"i","tmp.FRic","tmp.FEve","tmp.FDiv","tmp.FDis","tmp.RaoQ"
"9026",4.751647073386,0.673411076367212,0.79558879508976,2.33688958356412,6.53333333333333
