"i","tmp.FRic","tmp.FEve","tmp.FDiv","tmp.FDis","tmp.RaoQ"
"9027",5.48541763879333,0.634050581421161,0.79384804618709,2.31568947569877,6.5625
