"i","tmp.FRic","tmp.FEve","tmp.FDiv","tmp.FDis","tmp.RaoQ"
"9028",6.30734210037673,0.599942765572437,0.793054765033691,2.29302255854024,6.58823529411765
