"i","tmp.FRic","tmp.FEve","tmp.FDiv","tmp.FDis","tmp.RaoQ"
"9029",2.68763694085074,0.57585517204125,0.764036858191075,2.24355121673494,6.63157894736842
