"i","tmp.FRic","tmp.FEve","tmp.FDiv","tmp.FDis","tmp.RaoQ"
"9030",3.39489807289442,0.60607350933569,0.776622395327784,2.28432217796766,6.65
