"i","tmp.FRic","tmp.FEve","tmp.FDiv","tmp.FDis","tmp.RaoQ"
"9031",4.46352094799944,0.584556145905061,0.783698486529555,2.26972036456662,6.68181818181818
