"i","tmp.FRic","tmp.FEve","tmp.FDiv","tmp.FDis","tmp.RaoQ"
"9101",0.468225582809243,0.798660999783873,NA,2.10126690724303,5.25
