"i","tmp.FRic","tmp.FEve","tmp.FDiv","tmp.FDis","tmp.RaoQ"
"9108",3.27707618765497,0.811542456329649,0.822093155503083,2.34059475771807,5.83333333333333
