"i","tmp.FRic","tmp.FEve","tmp.FDiv","tmp.FDis","tmp.RaoQ"
"9116",2.26422248143887,0.77373986382631,0.74421273201299,2.33440632504515,6.41666666666667
