"i","tmp.FRic","tmp.FEve","tmp.FDiv","tmp.FDis","tmp.RaoQ"
"9121",3.7369599592578,0.707507779324904,0.757191258821532,2.33602214112255,6.53333333333333
