"i","tmp.FRic","tmp.FEve","tmp.FDiv","tmp.FDis","tmp.RaoQ"
"9122",3.16172370918863,0.706980948548776,0.764016037762581,2.33465745977653,6.5
