"i","tmp.FRic","tmp.FEve","tmp.FDiv","tmp.FDis","tmp.RaoQ"
"9127",2.14227343576794,0.679670991900184,0.781413301661703,2.31019208416666,6.41666666666667
