"i","tmp.FRic","tmp.FEve","tmp.FDiv","tmp.FDis","tmp.RaoQ"
"9128",2.42019026538416,0.615974979624387,0.751260516608066,2.26725292927809,6.46153846153846
