"i","tmp.FRic","tmp.FEve","tmp.FDiv","tmp.FDis","tmp.RaoQ"
"9131",2.29997920952106,0.60554782324282,0.763641196871663,2.26348336336556,6.61111111111111
