"i","tmp.FRic","tmp.FEve","tmp.FDiv","tmp.FDis","tmp.RaoQ"
"9182",0.596382517833743,0.548803794889897,0.805231507857553,2.22650457736096,5.25
