"i","tmp.FRic","tmp.FEve","tmp.FDiv","tmp.FDis","tmp.RaoQ"
"9198",9.76304240987472,0.74340377565571,0.741809680952108,2.2686689113673,6
