"i","tmp.FRic","tmp.FEve","tmp.FDiv","tmp.FDis","tmp.RaoQ"
"9199",5.47600975006777,0.685419497363518,0.681733781907,2.13958996530207,5.83333333333333
