"i","tmp.FRic","tmp.FEve","tmp.FDiv","tmp.FDis","tmp.RaoQ"
"9200",2.68888302924758,0.816112274340247,0.741422262128267,2.25190651050577,5.83333333333333
