"i","tmp.FRic","tmp.FEve","tmp.FDiv","tmp.FDis","tmp.RaoQ"
"9201",9.0493789729167,0.856861723947374,0.777856647166891,2.28136321568939,5.83333333333333
