"i","tmp.FRic","tmp.FEve","tmp.FDiv","tmp.FDis","tmp.RaoQ"
"9204",8.58786476497613,0.740351962384174,0.746747961367776,2.2334785695488,5.83333333333333
