"i","tmp.FRic","tmp.FEve","tmp.FDiv","tmp.FDis","tmp.RaoQ"
"9217",1.91264603460812,0.792916678364009,0.740361867102538,2.3185647177221,6.36363636363636
