"i","tmp.FRic","tmp.FEve","tmp.FDiv","tmp.FDis","tmp.RaoQ"
"9224",2.50628031853771,0.721235825942503,0.75244098096011,2.30502653705965,6.46153846153846
