"i","tmp.FRic","tmp.FEve","tmp.FDiv","tmp.FDis","tmp.RaoQ"
"9225",1.94982373839737,0.737061565058499,0.76719417675731,2.31731625216594,6.36363636363636
