"i","tmp.FRic","tmp.FEve","tmp.FDiv","tmp.FDis","tmp.RaoQ"
"9226",2.35449515824988,0.682918178187655,0.769306489947593,2.29653576236575,6.41666666666667
