"i","tmp.FRic","tmp.FEve","tmp.FDiv","tmp.FDis","tmp.RaoQ"
"9230",1.4691087554242,0.621934522351257,0.770401694546169,2.25483785510385,6.41666666666667
