"i","tmp.FRic","tmp.FEve","tmp.FDiv","tmp.FDis","tmp.RaoQ"
"9231",3.41796274352013,0.651620660076875,0.772484554598358,2.29262558352257,6.5
