"i","tmp.FRic","tmp.FEve","tmp.FDiv","tmp.FDis","tmp.RaoQ"
"9239",8.31614094570171,0.610926323821551,0.765148237247421,2.33194486801404,6.7741935483871
