"i","tmp.FRic","tmp.FEve","tmp.FDiv","tmp.FDis","tmp.RaoQ"
"9240",7.25449195585332,0.631960565594451,0.760860860616945,2.33860043779782,6.75862068965517
