"i","tmp.FRic","tmp.FEve","tmp.FDiv","tmp.FDis","tmp.RaoQ"
"9241",7.89078077917504,0.621657346051339,0.761961856037237,2.33091490388047,6.76666666666667
