"i","tmp.FRic","tmp.FEve","tmp.FDiv","tmp.FDis","tmp.RaoQ"
"9242",8.35294646002177,0.611040847126519,0.766155753504014,2.33139183217993,6.7741935483871
