"i","tmp.FRic","tmp.FEve","tmp.FDiv","tmp.FDis","tmp.RaoQ"
"9300",7.03980312977901,0.76157662733824,0.746528063874816,2.30645183712174,6.125
