"i","tmp.FRic","tmp.FEve","tmp.FDiv","tmp.FDis","tmp.RaoQ"
"9301",2.31611323091682,0.815019981855889,0.75205589984467,2.27541180013758,5.83333333333333
