"i","tmp.FRic","tmp.FEve","tmp.FDiv","tmp.FDis","tmp.RaoQ"
"9304",6.88876740781786,0.867646621804819,0.790427959594976,2.24998899736408,5.6
