"i","tmp.FRic","tmp.FEve","tmp.FDiv","tmp.FDis","tmp.RaoQ"
"9311",6.71332517051549,0.856247708698238,0.776838509006696,2.31275479908091,6
