"i","tmp.FRic","tmp.FEve","tmp.FDiv","tmp.FDis","tmp.RaoQ"
"9323",2.59575127914015,0.72397942270436,0.749029827499492,2.32652757406956,6.46153846153846
