"i","tmp.FRic","tmp.FEve","tmp.FDiv","tmp.FDis","tmp.RaoQ"
"9324",3.23136896357659,0.71303563635474,0.751617022890506,2.31956301186966,6.5
