"i","tmp.FRic","tmp.FEve","tmp.FDiv","tmp.FDis","tmp.RaoQ"
"9326",3.29951859708994,0.697339428593006,0.777591113054452,2.32553525603546,6.46153846153846
