"i","tmp.FRic","tmp.FEve","tmp.FDiv","tmp.FDis","tmp.RaoQ"
"9332",1.02623491004784,0.640717922539396,0.780622076820648,2.27966333865951,6.36363636363636
