"i","tmp.FRic","tmp.FEve","tmp.FDiv","tmp.FDis","tmp.RaoQ"
"9339",9.28967430308028,0.603869936860229,0.77529723589326,2.33827840196519,6.76666666666667
