"i","tmp.FRic","tmp.FEve","tmp.FDiv","tmp.FDis","tmp.RaoQ"
"9340",8.92540049317009,0.600275841216206,0.771311133108836,2.33395578574738,6.78125
