"i","tmp.FRic","tmp.FEve","tmp.FDiv","tmp.FDis","tmp.RaoQ"
"9342",9.59371678805711,0.592310348251795,0.763542462561743,2.33061973674377,6.78787878787879
