"i","tmp.FRic","tmp.FEve","tmp.FDiv","tmp.FDis","tmp.RaoQ"
"9343",11.3054927313107,0.585045718767375,0.769989354942856,2.32381755586984,6.8
