"i","tmp.FRic","tmp.FEve","tmp.FDiv","tmp.FDis","tmp.RaoQ"
"9344",10.0750117798178,0.590824243758991,0.776478606383145,2.32598222014225,6.77419354838709
