"i","tmp.FRic","tmp.FEve","tmp.FDiv","tmp.FDis","tmp.RaoQ"
"9345",10.6462316215877,0.57516252463954,0.779268745760159,2.32698979908589,6.78125
