"i","tmp.FRic","tmp.FEve","tmp.FDiv","tmp.FDis","tmp.RaoQ"
"9385",6.05018094952161,0.98976235200636,0.980730776433017,2.15970889055208,4.66666666666667
