"i","tmp.FRic","tmp.FEve","tmp.FDiv","tmp.FDis","tmp.RaoQ"
"9386",3.64958913423495,0.703285269995832,0.846459416940329,2.32083858157081,5.6
