"i","tmp.FRic","tmp.FEve","tmp.FDiv","tmp.FDis","tmp.RaoQ"
"9398",3.47889197035144,0.746194971987655,0.799623720408138,2.31814399821009,6
