"i","tmp.FRic","tmp.FEve","tmp.FDiv","tmp.FDis","tmp.RaoQ"
"940",6.18772292002454,0.69949410781011,0.850262466806344,2.43649942270923,6.22222222222222
