"i","tmp.FRic","tmp.FEve","tmp.FDiv","tmp.FDis","tmp.RaoQ"
"9402",5.45453054906497,0.859397238339732,0.791406843563165,2.34846765966686,6
