"i","tmp.FRic","tmp.FEve","tmp.FDiv","tmp.FDis","tmp.RaoQ"
"9403",2.31611323091682,0.815019981855889,0.753218961674495,2.27541180013758,5.83333333333333
