"i","tmp.FRic","tmp.FEve","tmp.FDiv","tmp.FDis","tmp.RaoQ"
"941",3.78996365294602,0.682999399165748,0.813164145956756,2.39254979886635,6.22222222222222
