"i","tmp.FRic","tmp.FEve","tmp.FDiv","tmp.FDis","tmp.RaoQ"
"944",16.6272681114451,0.727802908248271,0.847322797409444,2.48211605310026,6.46153846153846
