"i","tmp.FRic","tmp.FEve","tmp.FDiv","tmp.FDis","tmp.RaoQ"
"9440",7.58542744379788,0.606949614223401,0.76381761421242,2.3379759017706,6.75
