"i","tmp.FRic","tmp.FEve","tmp.FDiv","tmp.FDis","tmp.RaoQ"
"9441",8.96921955825437,0.604702538221546,0.764561606209283,2.33333036774497,6.78125
