"i","tmp.FRic","tmp.FEve","tmp.FDiv","tmp.FDis","tmp.RaoQ"
"9442",9.44218974201005,0.596152928031006,0.762988473652401,2.33459722500496,6.78787878787879
