"i","tmp.FRic","tmp.FEve","tmp.FDiv","tmp.FDis","tmp.RaoQ"
"9443",10.4954321264288,0.558444015805748,0.768768079723311,2.32272929341493,6.8
