"i","tmp.FRic","tmp.FEve","tmp.FDiv","tmp.FDis","tmp.RaoQ"
"9444",9.86348672350589,0.571216986841296,0.762149061643574,2.32261961166723,6.7741935483871
