"i","tmp.FRic","tmp.FEve","tmp.FDiv","tmp.FDis","tmp.RaoQ"
"9445",8.35583966645773,0.587578310003016,0.76250428893081,2.32308025859541,6.75862068965517
