"i","tmp.FRic","tmp.FEve","tmp.FDiv","tmp.FDis","tmp.RaoQ"
"948",3.543587590242,0.670597003371435,0.802349293051749,2.40523899494298,6.22222222222222
