"i","tmp.FRic","tmp.FEve","tmp.FDiv","tmp.FDis","tmp.RaoQ"
"949",4.58128708812438,0.723794416770724,0.851902681308681,2.42171739314849,6.125
