"i","tmp.FRic","tmp.FEve","tmp.FDiv","tmp.FDis","tmp.RaoQ"
"950",0.974604182684778,0.672135176512405,0.820674789322026,2.33271127137159,5.83333333333333
