"i","tmp.FRic","tmp.FEve","tmp.FDiv","tmp.FDis","tmp.RaoQ"
"9500",0.584628894071541,0.68445308462036,0.750008217256965,2.21808999699276,5.83333333333333
