"i","tmp.FRic","tmp.FEve","tmp.FDiv","tmp.FDis","tmp.RaoQ"
"9502",7.05740304014874,0.761956430729157,0.744320382097942,2.30380704435258,6.125
