"i","tmp.FRic","tmp.FEve","tmp.FDiv","tmp.FDis","tmp.RaoQ"
"9503",7.83222930020681,0.800549533074597,0.819846787856234,2.38830919804353,6.125
