"i","tmp.FRic","tmp.FEve","tmp.FDiv","tmp.FDis","tmp.RaoQ"
"9504",3.94741620695401,0.878072345756466,0.875035854826186,2.36775538051425,5.83333333333333
