"i","tmp.FRic","tmp.FEve","tmp.FDiv","tmp.FDis","tmp.RaoQ"
"9507",7.47729276655646,0.697617532941274,0.728621199737277,2.17951444481136,5.83333333333333
