"i","tmp.FRic","tmp.FEve","tmp.FDiv","tmp.FDis","tmp.RaoQ"
"951",1.70578003043822,0.707818739363036,0.797609898487761,2.32326305754107,5.83333333333333
