"i","tmp.FRic","tmp.FEve","tmp.FDiv","tmp.FDis","tmp.RaoQ"
"953",0.110268692126632,0.772151193853575,0.810663974084359,2.32934003828214,5.83333333333333
