"i","tmp.FRic","tmp.FEve","tmp.FDiv","tmp.FDis","tmp.RaoQ"
"9543",8.15879400524105,0.613525842876302,0.763544494609841,2.33727914563917,6.7741935483871
