"i","tmp.FRic","tmp.FEve","tmp.FDiv","tmp.FDis","tmp.RaoQ"
"958",0.0299640639681479,0.704662687594994,0.783038273032115,2.31303902250155,5.83333333333333
