"i","tmp.FRic","tmp.FEve","tmp.FDiv","tmp.FDis","tmp.RaoQ"
"9600",0.804271305613196,0.61986498542164,0.735527254163578,2.15596669338275,5.6
