"i","tmp.FRic","tmp.FEve","tmp.FDiv","tmp.FDis","tmp.RaoQ"
"9603",2.33177083713697,0.815933628794046,0.748535463251641,2.26946679301046,5.83333333333333
