"i","tmp.FRic","tmp.FEve","tmp.FDiv","tmp.FDis","tmp.RaoQ"
"9604",4.1207501317852,0.758642941156592,0.794204249946571,2.33552271246009,6
