"i","tmp.FRic","tmp.FEve","tmp.FDiv","tmp.FDis","tmp.RaoQ"
"9605",6.11925605341488,0.805932842394029,0.857664202635323,2.39819017533926,6
