"i","tmp.FRic","tmp.FEve","tmp.FDiv","tmp.FDis","tmp.RaoQ"
"9606",3.68777088122352,0.774663803824349,0.896757821997519,2.39051237860022,5.83333333333333
