"i","tmp.FRic","tmp.FEve","tmp.FDiv","tmp.FDis","tmp.RaoQ"
"9607",1.91110752485602,0.902393051364082,0.924167152737157,2.35568645337386,5.6
