"i","tmp.FRic","tmp.FEve","tmp.FDiv","tmp.FDis","tmp.RaoQ"
"9608",4.7618609724553,0.858812202849864,0.90771315205788,2.39351739078887,5.83333333333333
