"i","tmp.FRic","tmp.FEve","tmp.FDiv","tmp.FDis","tmp.RaoQ"
"9613",3.63932468253239,0.833495990211373,0.820192127059464,2.21054691246048,5.25
