"i","tmp.FRic","tmp.FEve","tmp.FDiv","tmp.FDis","tmp.RaoQ"
"9618",1.22900631738849,0.807669319138476,0.764823756799839,2.24145505013886,5.6
