"i","tmp.FRic","tmp.FEve","tmp.FDiv","tmp.FDis","tmp.RaoQ"
"9692",1.03077235839698,0.923949218094129,0.814489631460676,2.27523657850402,5.6
