"i","tmp.FRic","tmp.FEve","tmp.FDiv","tmp.FDis","tmp.RaoQ"
"9693",3.61704109395223,0.917355783981457,0.861136188181819,2.35783451573876,5.83333333333333
