"i","tmp.FRic","tmp.FEve","tmp.FDiv","tmp.FDis","tmp.RaoQ"
"9694",5.14173966820943,0.810280042894502,0.792543486035513,2.32289737205177,6
