"i","tmp.FRic","tmp.FEve","tmp.FDiv","tmp.FDis","tmp.RaoQ"
"9695",2.56728165164293,0.878039105138049,0.833584609608741,2.34493800157619,5.83333333333333
