"i","tmp.FRic","tmp.FEve","tmp.FDiv","tmp.FDis","tmp.RaoQ"
"9704",3.19889431691142,0.78686568880968,0.722746205962956,2.19613677299806,5.6
