"i","tmp.FRic","tmp.FEve","tmp.FDiv","tmp.FDis","tmp.RaoQ"
"9710",2.46819497064502,0.894552965724599,0.896832223227563,2.33940932419601,5.6
