"i","tmp.FRic","tmp.FEve","tmp.FDiv","tmp.FDis","tmp.RaoQ"
"9798",0.393372079675735,0.852196167594928,0.796436251841087,2.26441870313419,5.6
