"i","tmp.FRic","tmp.FEve","tmp.FDiv","tmp.FDis","tmp.RaoQ"
"9799",0.560995754712842,0.802857678646638,0.796662133721065,2.19746947638029,5.25
