"i","tmp.FRic","tmp.FEve","tmp.FDiv","tmp.FDis","tmp.RaoQ"
"9814",2.1740600541686,0.852864656341723,0.811962971945779,2.28701278765236,5.6
