"i","tmp.FRic","tmp.FEve","tmp.FDiv","tmp.FDis","tmp.RaoQ"
"9901",5.77133158765453,0.881213008260366,0.91002409335491,2.1482725356976,4.66666666666667
