"i","tmp.FRic","tmp.FEve","tmp.FDiv","tmp.FDis","tmp.RaoQ"
"9902",6.04841328661252,0.983553177082094,0.980445477541985,2.1596355590241,4.66666666666667
