"i","tmp.FRic","tmp.FEve","tmp.FDiv","tmp.FDis","tmp.RaoQ"
"9915",4.79533040704928,0.863577941125648,0.848875761853548,2.24366123172777,5.25
